x,y
-0.39568167788833586,0.014083618992002167
-0.39343221969957953,0.01490280726845472
-0.3911827615108233,0.015721995544907053
-0.388933165260917,0.015002329889030719
-0.3866835599555707,0.01418173070239237
-0.38496904071626725,0.01617637061332422
-0.38332964124833413,0.018566236882748388
-0.38166918611958883,0.02091351462488311
-0.37959535595937993,0.022424673569071407
-0.377521525799171,0.023935832513259925
-0.375248711362436,0.024218736281599984
-0.3729299471121178,0.024218009115134498
-0.3706111828617996,0.02421728194866879
-0.3682924186114815,0.024216554782203303
-0.3659736543611633,0.024215827615737817
-0.3636548901108451,0.02421510044927233
-0.361336125860527,0.024214373282806623
-0.3590173616102088,0.024213646116341137
-0.3566985973598906,0.02421291894987565
-0.3543798331095725,0.024212191783409942
-0.3520610688592543,0.024211464616944456
-0.3497423046089361,0.02421073745047897
-0.34747984455258546,0.02487610899305337
-0.3452303863638292,0.0256952972695057
-0.3429809281750729,0.026514485545958255
-0.34073146998631665,0.027333673822410587
-0.3384819103910295,0.02702256701891348
-0.33623230508568325,0.026201967832275352
-0.33398269978033696,0.025381368645637226
-0.33173309447499066,0.024560769458998877
-0.329582857361602,0.023348447115419058
-0.3275087559318047,0.021835987376312316
-0.3253538864010784,0.020822580859696904
-0.3230351221507602,0.020821853693231418
-0.32073918865435774,0.020550470339882887
-0.31848958334901145,0.019729871153244982
-0.3163459041639335,0.018584765506556078
-0.314490710790507,0.016555878699217708
-0.31263551741708057,0.01452699189187956
-0.3105374262545459,0.013144647031537726
-0.30836619313932506,0.011956990400638468
-0.3061949600241041,0.010769333769739431
-0.30402372690888313,0.009581677138840172
-0.30181357687902055,0.008576288519132724
-0.29956397157367437,0.007755689332494375
-0.29757981346271123,0.008331682894933357
-0.29594041399477805,0.010721549164357302
-0.29430101452684493,0.01311141543378147
-0.29224952228679835,0.014051182578942
-0.28993075803648016,0.014050455412476515
-0.287611993786162,0.014049728246011028
-0.28529322953584385,0.01404900107954532
-0.28297446528552567,0.014048273913079834
-0.2806557010352075,0.014047546746614348
-0.2783789768313766,0.01454416833376615
-0.27612951864262036,0.015363356610218482
-0.27387998027052535,0.015288807249802305
-0.2716303749651791,0.014468208063163956
-0.2695716358204323,0.01502471526759841
-0.26771680639334977,0.017052438608591736
-0.2658619769662672,0.019080161949585284
-0.26361903812564697,0.01991931547334236
-0.2613695799368906,0.020738503749794912
-0.2592820379664392,0.02219563845555239
-0.25720820780623027,0.02370679739974091
-0.2552843316549407,0.02278998408907129
-0.2534291382815142,0.02076109728173292
-0.25148778608641553,0.01910916220611769
-0.24916902183609735,0.019108435039652205
-0.24685025758577916,0.01910770787318672
-0.24453149333546104,0.01910698070672101
-0.24222561024074718,0.019258642208211496
-0.2399761520519909,0.020077830484663828
-0.23771807869066408,0.02079509819493741
-0.2353993144403459,0.020794371028471703
-0.23313817492029104,0.020541531061004203
-0.23128298154686455,0.018512644253666055
-0.22942778817343806,0.016483757446327463
-0.22728318463130254,0.01572106326042766
-0.2249644203809843,0.015720336093962173
-0.22264565613066611,0.015719608927496687
-0.22032689188034793,0.01571888176103098
-0.2180513958333814,0.01623003288220337
-0.21580193764462507,0.017049221158655925
-0.21351347723555114,0.01740699924924738
-0.21119471298523296,0.01740627208278167
-0.20891495095523238,0.017866955102177062
-0.20666549276647617,0.018686143378629394
-0.20450392348456659,0.018336708349910413
-0.20242982205476934,0.016824248610803894
-0.2003091888281513,0.01549522365087208
-0.19805958352280506,0.014674624464233732
-0.19589034660221427,0.014433886138941254
-0.19403551717513168,0.016461609479934802
-0.19218068774804908,0.018489332820928128
-0.19004820550533652,0.019666755332265362
-0.1877987473165802,0.020485943608717916
-0.18566204705759382,0.021749395711398556
-0.18358821689738491,0.023260554655587073
-0.18141495354246318,0.024157949848240712
-0.179096189292145,0.024157222681775226
-0.1768055604602612,0.024489347556637675
-0.17455610227150486,0.025308535833090007
-0.17230664408274865,0.02612772410954234
-0.17005718589399232,0.02694691238599467
-0.16778812425286938,0.02753418482467329
-0.1654693600025512,0.027533457658207805
-0.163150595752233,0.02753273049174232
-0.16083183150191482,0.02753200332527661
-0.15853262909154164,0.027299372603306615
-0.1562830237861953,0.02647877341666849
-0.15403341848084917,0.02565817423003014
-0.15178381317550282,0.024837575043392013
-0.14952315988539944,0.02414794855428859
-0.14720439563508125,0.02414722138782288
-0.14488563138476307,0.024146494221357395
-0.14256686713444489,0.02414576705489191
-0.14025915086888385,0.024014067190891497
-0.1380095455635375,0.02319346800425337
-0.1357531492010281,0.022453376086164933
-0.13343438495071003,0.022452648919699447
-0.13112242620365688,0.02253243328567689
-0.12887296801490067,0.02335162156212922
-0.1266209703059129,0.024140766407915626
-0.12430220605559472,0.02414003924145014
-0.12198344180527665,0.024139312074984653
-0.11966467755495847,0.024138584908519167
-0.11734845282487161,0.024167901172719386
-0.1150989946361155,0.024987089449171718
-0.11284953644735918,0.02580627772562427
-0.11060007825860285,0.026625466002076603
-0.10835062006984653,0.027444654278528935
-0.10610102748471806,0.02676583688318379
-0.10385142217937182,0.025945237696545442
-0.10154289458226595,0.025823156082690257
-0.09922413033194788,0.02582242891622477
-0.09696428837338911,0.02512318417697612
-0.09471468306804287,0.024302584990337994
-0.09241041239853098,0.024130037947497796
-0.0900916481482128,0.02412931078103231
-0.08782754926206016,0.023480531470768673
-0.08557794395671381,0.022659932284130546
-0.08345625957298208,0.021335051130934257
-0.08138215814318484,0.019822591391827515
-0.07922156663671731,0.01865108749794553
-0.07697196133137107,0.017830488311307402
-0.07479816033247388,0.018015476733634905
-0.07272433017226487,0.0195266356778232
-0.07065044706314128,0.02044761667819306
-0.06857634563334403,0.01893515693908654
-0.06650224420354678,0.017422697199979575
-0.06425995437127252,0.01814657073484094
-0.062010496182516306,0.01896575901129327
-0.05976103799375998,0.019784947287745824
-0.057511579805003765,0.020604135564198156
-0.05540894940083407,0.022001822164539497
-0.05333511924062506,0.023512981108727793
-0.051114341437362154,0.02411708746408503
-0.04879557718704397,0.024116360297619543
-0.046476812936725787,0.024115633131154057
-0.0441580486864076,0.02411490596468857
-0.04183928443608953,0.024114178798222863
-0.039520520185771346,0.024113451631757377
-0.03720175593545316,0.02411272446529189
-0.03488299168513498,0.024111997298826182
-0.032564227434816795,0.024111270132360696
-0.03024546318449861,0.02411054296589521
-0.02807348382967001,0.023202855325375582
-0.02599938239987265,0.02169039558626884
-0.02386141866922986,0.020429689870295364
-0.021611813363883514,0.019609090683657016
-0.019362252535840785,0.019284243366867182
-0.01711279434708446,0.020103431643319736
-0.01495826491162855,0.020236877224766303
-0.013103071538202005,0.018207990417428155
-0.011247878164775682,0.016179103610089784
-0.009049283495493055,0.01565262492111419
-0.006730519245174982,0.015651897754648703
-0.004411754994856798,0.015651170588182994
-0.0020929907445386142,0.015650443421717508
-0.00011789739209933092,0.01715233984004616
0.001736932034983374,0.019180063181039708
0.0036444911649436973,0.021083411197932556
0.005718321325152709,0.022594570142121073
0.007793304173471904,0.024098613975697125
0.010112068423790088,0.02409788680923164
0.012430506511779904,0.02410101825951494
0.014679964700536119,0.02492020653596727
0.016929422889292445,0.025739394812419825
0.01917888107804888,0.026558583088872156
0.021428339266804985,0.02737777136532471
0.02373889771338389,0.02747412178566422
0.026057661963702072,0.027473394619198732
0.028376426214020256,0.027472667452733024
0.03069519046433833,0.027471940286267538
0.032952854456834046,0.028194050975914875
0.03520231264559026,0.029013239252367207
0.03750860510913523,0.029160057774483716
0.03982736935945341,0.02915933060801823
0.0421461336097716,0.029158603441552744
0.04446489786008978,0.029157876275087258
0.04672694847823711,0.028484814963007032
0.04897655378358334,0.027664215776368906
0.051278615793506566,0.027465485306360282
0.05359738004382475,0.027464758139894796
0.05586368758956606,0.026842162256799584
0.058113292894912294,0.026021563070161458
0.059347126949143236,0.02798687146192891
0.06013926351797261,0.031163602573715865
0.06093140008680187,0.0343403336855026
0.06172353665563124,0.03751706479728956
0.06251567322446039,0.04069379590907651
0.06330780979328976,0.04387052702086347
0.06364692968901631,0.047201836185833956
0.06390269293016038,0.0505615882540138
0.06415845617130467,0.05392134032219387
0.06441421941244874,0.05728109239037371
0.06466998265359303,0.060640844458553556
0.06492574589473721,0.0640005965267334
0.06518150913588139,0.06736034859491324
0.06543727237702557,0.07072010066309309
0.06569303561816986,0.07407985273127315
0.06594879885931404,0.077439604799453
0.06620456210045822,0.08079935686763284
0.0664603253416024,0.08415910893581269
0.06671608858274669,0.08751886100399275
0.06697185182389076,0.0908786130721726
0.06722761506503505,0.09423836514035244
0.06748337830617923,0.09759811720853251
0.06773914154732352,0.10095786927671235
0.06799490478846759,0.1043176213448922
0.06822408516614376,0.10768137997290861
0.06844362317828678,0.11104659189486821
0.06866316119042959,0.11441180381682803
0.06888269920257262,0.1177770157387874
0.06910223721471542,0.12114222766074723
0.06932177522685834,0.12450743958270705
0.06954131323900126,0.12787265150466642
0.06976085125114417,0.13123786342662624
0.06998038926328687,0.13460307534858607
0.07019992727542979,0.13796828727054566
0.0704194652875727,0.14133349919250526
0.07063900329971551,0.14469871111446486
0.07085854131185854,0.14806392303642468
0.07107807932400134,0.15142913495838428
0.07129761733614426,0.15479434688034388
0.07151715534828718,0.1581595588023037
0.07173669336043009,0.1615247707242633
0.07195623137257301,0.1648899826462229
0.07217576938471593,0.16825519456818272
0.07239530739685873,0.1716204064901421
0.07261484540900176,0.17498561841210192
0.0729477465406354,0.17832858746105318
0.07334474752774267,0.18165897953654442
0.07374174851484994,0.18498937161203566
0.07413874950195731,0.18831976368752668
0.07453575048906458,0.19165015576301814
0.07493275147617195,0.19498054783850938
0.075329752463279,0.19831093991400062
0.07572675345038637,0.20164133198949163
0.07612375443749364,0.20497172406498287
0.07652075542460102,0.20830211614047434
0.07691775641170817,0.21163250821596558
0.07731475739881555,0.21496290029145682
0.07747943116470335,0.21833418581494413
0.07763597288185486,0.22170690271401616
0.07779251459900649,0.2250796196130882
0.07794905631615823,0.22845233651216024
0.07810559803330985,0.23182505341123205
0.07826213975046137,0.2351977703103041
0.0784186814676131,0.23857048720937613
0.07857522318476462,0.24194320410844816
0.07873176490191613,0.24531592100751998
0.07888830661906787,0.248688637906592
0.0790448483362195,0.25206135480566405
0.07920139005337123,0.2554340717047361
0.07935793177052275,0.2588067886038079
0.07951447348767438,0.26217950550287994
0.079671015204826,0.265552222401952
0.07982755692197763,0.268924939301024
0.07998409863912936,0.27229765620009583
0.08014064035628088,0.27567037309916786
0.0802971820734325,0.2790430899982399
0.08045372379058413,0.28241580689731194
0.08061026550773576,0.28578852379638375
0.08076680722488727,0.289161240695456
0.08092334894203901,0.29253395759452805
0.08107989065919063,0.2959066744936001
0.08123643237634237,0.2992793913926719
0.08139297409349389,0.30265210829174394
0.0815495158106454,0.306024825190816
0.08170605752779714,0.309397542089888
0.08186259924494865,0.3127702589889598
0.08202888854011836,0.31614193385339173
0.08220989324438621,0.3195120356125867
0.08239089794865417,0.3228821373717816
0.08257190265292225,0.32625223913097656
0.08275290735719021,0.32962234089017173
0.08293391206145817,0.33299244264936667
0.08311491676572624,0.3363625444085616
0.0832959214699942,0.3397326461677568
0.08347692617426195,0.3431027479269515
0.08365793087852991,0.34647284968614667
0.08383893558279798,0.34984295144534183
0.08401994028706594,0.35321305320453655
0.0842009449913339,0.3565831549637317
0.08438194969560175,0.35995325672292666
0.08456295439986983,0.3633233584821216
0.08474395910413779,0.36669346024131677
0.08492496380840575,0.3700635620005117
0.08510596851267371,0.37343366375970666
0.08528697321694179,0.3768037655189016
0.08546797792120975,0.38017386727809677
0.0856489826254776,0.3835439690372917
0.08582998732974556,0.38691407079648665
0.08601099203401363,0.3902841725556818
0.0861919967382816,0.39365427431487676
0.08637300144254945,0.3970243760740717
0.08655400614681741,0.40039447783326665
0.08667266458357248,0.4037702278261792
0.08677765126861137,0.407147216405652
0.08688263795365014,0.41052420498512476
0.08698762463868903,0.41390119356459754
0.08709261132372792,0.4172781821440703
0.0871975980087667,0.4206551707235431
0.08730258469380558,0.42403215930301585
0.08740757137884447,0.4274091478824886
0.08751255806388325,0.4307861364619614
0.08761754474892214,0.43416312504143395
0.08772253143396092,0.43754011362090695
0.0878275181189998,0.4409171022003797
0.08793250480403869,0.44429409077985227
0.08803749148907736,0.44767107935932526
0.08814247817411625,0.45104806793879804
0.08824746485915524,0.4544250565182706
0.08835245154419402,0.45780204509774336
0.08845743822923291,0.46117903367721613
0.0885624249142718,0.4645560222566889
0.08866741159931057,0.4679330108361617
0.08877239828434946,0.47130999941563445
0.08887738496938835,0.4746869879951072
0.08898237165442702,0.47806397657458
0.08908735833946602,0.48144096515405277
0.0891923450245049,0.4848179537335253
0.08929733170954368,0.4881949423129983
0.08940231839458257,0.4915719308924711
0.08950730507962146,0.49494891947194364
0.08961229176466023,0.49832590805141663
0.08971727844969901,0.5017028966308894
0.08982226513473779,0.505079885210362
0.08992725181977679,0.5084568737898347
0.09003223850481568,0.5118338623693077
0.09013722518985445,0.5152108509487803
0.09024221187489334,0.518587839528253
0.09034719855993223,0.5219648281077258
0.0904521852449709,0.5253418166871986
0.09055717193000978,0.5287188052666714
0.09066215861504867,0.5320957938461441
0.09076714530008756,0.5354727824256167
0.09087213198512645,0.5388497710050897
0.09097711867016534,0.5422267595845625
0.09108210535520411,0.545603748164035
0.091187092040243,0.548980736743508
0.09131299270838966,0.5523561547136115
0.09144497492851422,0.5557311159681066
0.091576957148639,0.5591060772226022
0.09170893936876368,0.5624810384770973
0.09184092158888824,0.5658559997315928
0.09197290380901302,0.5692309609860879
0.09210488602913758,0.5726059222405835
0.09223686824926236,0.5759808834950786
0.09236885046938692,0.5793558447495741
0.0925008326895117,0.5827308060040692
0.09263281490963637,0.5861057672585648
0.09276479712976105,0.5894807285130599
0.09289677934988572,0.5928556897675553
0.09302876157001039,0.5962306510220505
0.09316074379013506,0.599605612276546
0.09329272601025973,0.6029805735310412
0.0934247082303844,0.6063555347855364
0.09355669045050907,0.6097304960400318
0.09368867267063374,0.613105457294527
0.09382065489075853,0.6164804185490225
0.09395263711088297,0.6198553798035177
0.09408461933100787,0.6232303410580131
0.09421660155113232,0.6266053023125083
0.09434858377125721,0.6299802635670037
0.09448056599138166,0.633355224821499
0.09461254821150655,0.6367301860759943
0.09474453043163111,0.6401051473304895
0.0948765126517559,0.6434801085849849
0.09500849487188046,0.6468550698394802
0.09514047709200524,0.6502300310939754
0.0952724593121298,0.6536049923484708
0.09540444153225447,0.656979953602966
0.09553642375237914,0.6603549148574615
0.09566840597250381,0.6637298761119567
0.09580038819262848,0.6671048373664521
0.09602119861872238,0.6704688841469552
0.09627696185986656,0.673828636215135
0.09653272510101085,0.6771883882833148
0.09678848834215492,0.6805481403514949
0.09704425158329921,0.6839078924196748
0.09730001482444339,0.6872676444878546
0.09755577806558768,0.6906273965560344
0.09781154130673175,0.6939871486242145
0.09806730454787604,0.6973469006923944
0.09832306778902022,0.7007066527605742
0.0985788310301644,0.7040664048287542
0.09883459427130858,0.707426156896934
0.09909035751245276,0.7107859089651138
0.09934612075359706,0.7141456610332939
0.09960188399474124,0.7175054131014738
0.09985764723588542,0.7208651651696536
0.1001134104770296,0.7242249172378336
0.10036917371817389,0.7275846693060134
0.10055217310992937,0.7309534514710593
0.10068803286988004,0.7343280837312419
0.10082389262983038,0.7377027159914243
0.10095975238978105,0.7410773482516069
0.1010956121497315,0.7444519805117895
0.10123147190968218,0.7478266127719719
0.10136733166963274,0.7512012450321546
0.1015031914295832,0.754575877292337
0.10163905118953376,0.7579505095525195
0.10177491094948421,0.7613251418127022
0.10191077070943488,0.7646997740728846
0.10204663046938534,0.7680744063330672
0.10218249022933601,0.7714490385932496
0.10231834998928635,0.7748236708534322
0.10245420974923702,0.7781983031136148
0.10259006950918748,0.7815729353737972
0.10272592926913815,0.7849475676339799
0.10286178902908871,0.7883221998941623
0.10299764878903916,0.7916968321543448
0.10313350854898973,0.7950714644145274
0.10326936830894029,0.7984460966747099
0.10340522806889085,0.8018207289348925
0.1035410878288413,0.805195361195075
0.10367694758879187,0.8085699934552575
0.10381280734874232,0.81194462571544
0.103948667108693,0.8153192579756225
0.10408452686864345,0.8186938902358052
0.10422038662859412,0.8220685224959876
0.10435624638854468,0.8254431547561701
0.10449210614849513,0.8288177870163527
0.1046279659084457,0.8321924192765352
0.10476382566839626,0.8355670515367178
0.10489968542834682,0.8389416837969003
0.10503554518829739,0.8423163160570828
0.10519614802482213,0.8456884652367223
0.1053771527290901,0.8490585669959172
0.10555815743335806,0.8524286687551123
0.10573916213762602,0.8557987705143072
0.10592016684189398,0.8591688722735022
0.10610117154616205,0.8625389740326973
0.1062821762504299,0.8659090757918922
0.10646318095469776,0.8692791775510872
0.10664418565896572,0.8726492793102822
0.10682519036323379,0.8760193810694773
0.10700619506750175,0.8793894828286722
0.10718719977176971,0.8827595845878673
0.10736820447603768,0.8861296863470622
0.10754920918030575,0.8894997881062572
0.1077302138845736,0.8928698898654522
0.10791121858884156,0.8962399916246473
0.10809222329310952,0.8996100933838422
0.1082732279973776,0.9029801951430373
0.10845423270164556,0.9063502969022322
0.10863523740591352,0.9097203986614273
0.10881624211018137,0.9130905004206223
0.10899724681444944,0.9164606021798173
0.1091782515187173,0.9198307039390123
0.10935925622298526,0.9232008056982073
0.10954026092725322,0.9265709074574022
0.10972126563152129,0.9299410092165973
0.10986671192513053,0.9333147748270975
0.11001104976707421,0.9366886546497348
0.11015538760901777,0.9400625344723723
0.11029972545096145,0.9434364142950097
0.11044406329290513,0.946810294117647
0.11058840113484869,0.9501841739402846
0.11073273897679237,0.953558053762922
0.11087707681873604,0.9569319335855595
0.11102141466067972,0.9603058134081969
0.11116575250262317,0.9636796932308344
0.11131009034456685,0.9670535730534717
0.11145442818651052,0.9704274528761092
0.1115987660284542,0.9738013326987467
0.11174310387039776,0.9771752125213841
0.11188744171234144,0.9805490923440215
0.112031779554285,0.9839229721666589
0.11217611739622868,0.9872968519892964
0.11232045523817225,0.9906707318119338
0.11246479308011592,0.9940446116345713
0.1126091309220596,0.9974184914572087
0.11275346876400327,1.000792371279846
0.11289780660594673,1.0041662511024836
0.1130421444478904,1.007540130925121
0.11318648228983408,1.0109140107477583
0.11333082013177775,1.0142878905703958
0.11347515797372132,1.0176617703930333
0.113619495815665,1.0210356502156708
0.11376383365760856,1.0244095300383083
0.11390817149955224,1.0277834098609455
0.1140525093414958,1.031157289683583
0.11419684718343948,1.0345311695062205
0.11434118502538315,1.0379050493288577
0.11458041665406815,1.0412671042318389
0.11482934017744517,1.0446279514068957
0.11507826370082241,1.0479887985819527
0.11532718722419955,1.0513496457570097
0.11557611074757668,1.0547104929320668
0.11582503427095403,1.0580713401071238
0.11607395779433105,1.0614321872821806
0.1163228813177083,1.0647930344572374
0.11657180484108554,1.0681538816322944
0.11682072836446267,1.0715147288073514
0.11706965188783991,1.0748755759824085
0.11731857541121715,1.0782364231574655
0.11756749893459417,1.0815972703325223
0.11781642245797153,1.0849581175075793
0.11806534598134866,1.0883189646826361
0.1183142695047259,1.0916798118576931
0.11856319302810303,1.0950406590327502
0.11881211655148027,1.098401506207807
0.11922375221557324,1.101707203899534
0.1200158887844025,1.1048839350113209
0.12080802535323187,1.1080606661231078
0.12160016192206102,1.1112373972348946
0.1223922984908904,1.1144141283466813
0.12318443505971954,1.1175908594584683
0.12375081834674673,1.1208470030537145
0.12403812470852205,1.124201316613683
0.12432543107029759,1.1275556301736518
0.1246127374320729,1.1309099437336203
0.12490004379384823,1.134264257293589
0.12518735015562366,1.1376185708535576
0.12547465651739897,1.140972884413526
0.1257619628791743,1.1443271979734946
0.12604926924094972,1.1476815115334633
0.12633657560272504,1.1510358250934318
0.12662388196450047,1.1543901386534006
0.1269111883262758,1.157744452213369
0.12719849468805122,1.1610987657733376
0.12748580104982665,1.164453079333306
0.12777310741160197,1.1678073928932748
0.1280604137733773,1.1711617064532434
0.12841722611511364,1.1744984464786667
0.1289199406390824,1.1777982973466228
0.12942265516305118,1.1810981482145788
0.12992536968701995,1.1843979990825348
0.13042808421098873,1.1876978499504909
0.1309307987349575,1.190997700818447
0.1314335132589265,1.194297551686403
0.13193622778289527,1.197597402554359
0.13243894230686404,1.200897253422315
0.13293255902656353,1.2041997855411135
0.1333470537890169,1.2075256360132465
0.13376154855147038,1.210851486485379
0.13417604331392374,1.214177336957512
0.13459053807637722,1.2175031874296447
0.13500503283883059,1.2208290379017774
0.13541952760128395,1.2241548883739104
0.13583402236373732,1.2274807388460431
0.1362485171261908,1.2308065893181759
0.13666301188864416,1.2341324397903086
0.13707750665109752,1.2374582902624414
0.137492001413551,1.2407841407345743
0.1381530012186405,1.2440222846669717
0.13883462709455296,1.2472530898395577
0.13951625297046522,1.2504838950121437
0.1401978788463777,1.2537147001847297
0.14087950472229016,1.2569455053573158
0.14156113059820252,1.2601763105299018
0.14229994246900524,1.263370980821993
0.14345010837419359,1.2663057233310293
0.1446002742793817,1.2692404658400658
0.14575044018457006,1.272175208349102
0.14700056996359012,1.2747685054784226
0.14925017526893647,1.2739479062917842
0.15145901073848866,1.2730592163929744
0.15232045975813424,1.2699202230245168
0.1531819087777797,1.266781229656059
0.15404335779742528,1.2636422362876014
0.15490480681707086,1.2605032429191438
0.15576625583671644,1.2573642495506863
0.15627036959102703,1.254088712405946
0.1565771267285051,1.2507377619999052
0.15688388386598318,1.2473868115938642
0.15719064100346147,1.2440358611878235
0.15749739814093944,1.2406849107817826
0.1578041552784175,1.2373339603757416
0.1581109124158957,1.233983009969701
0.15841766955337377,1.23063205956366
0.15872442669085196,1.227281109157619
0.15903118382833004,1.2239301587515783
0.15933794096580822,1.2205792083455373
0.1596446981032863,1.2172282579394964
0.15995145524076437,1.2138773075334557
0.16025821237824256,1.2105263571274147
0.16056496951572063,1.2071754067213738
0.16084245557203425,1.2038193145751894
0.16109198215877807,1.2004583110857487
0.161341508745522,1.197097307596308
0.16159103533226593,1.1937363041068674
0.16184056191900975,1.1903753006174267
0.16209008850575368,1.187014297127986
0.1623396150924976,1.1836532936385453
0.16258914167924154,1.1802922901491046
0.16283866826598536,1.176931286659664
0.16308819485272918,1.1735702831702233
0.16333772143947312,1.1702092796807826
0.16358724802621705,1.166848276191342
0.1638367746129611,1.1634872727019012
0.1640863011997048,1.1601262692124603
0.16433582778644884,1.1567652657230196
0.16458535437319255,1.153404262233579
0.1648348809599366,1.1500432587441383
0.16508440754668052,1.1466822552546976
0.16533393413342445,1.143321251765257
0.165717268203336,1.1399876855560152
0.16611486679747023,1.136657044293411
0.16651246539160425,1.1333264030308068
0.1669100639857385,1.1299957617682028
0.16730766257987262,1.1266651205055984
0.16770526117400686,1.1233344792429945
0.16810285976814088,1.1200038379803903
0.16850045836227512,1.116673196717786
0.16889805695640914,1.113342555455182
0.16929565555054338,1.1100119141925777
0.1696932541446774,1.1066812729299735
0.17003863484104398,1.1033412316111675
0.1702102283244885,1.0999699058163774
0.17038182180793304,1.0965985800215874
0.17055341529137757,1.0932272542267973
0.17072500877482222,1.0898559284320073
0.17089660225826686,1.0864846026372172
0.1710681957417114,1.0831132768424272
0.17123978922515604,1.0797419510476371
0.17141138270860046,1.076370625252847
0.1715829761920451,1.072999299458057
0.17175456967548974,1.069627973663267
0.17192616315893428,1.066256647868477
0.17209775664237892,1.062885322073687
0.17226935012582345,1.0595139962788966
0.17244094360926798,1.0561426704841068
0.17261253709271263,1.0527713446893168
0.17278413057615716,1.0494000188945267
0.1729557240596018,1.0460286930997365
0.17312731754304644,1.0426573673049466
0.17329891102649086,1.0392860415101566
0.1734705045099355,1.0359147157153665
0.17364209799338004,1.0325433899205763
0.17381369147682457,1.0291720641257864
0.1739852849602691,1.0258007383309964
0.17415687844371364,1.0224294125362063
0.17432847192715828,1.019058086741416
0.17450006541060292,1.0156867609466262
0.17468011898304292,1.0123164908303304
0.17490557276440521,1.008951885905526
0.17513102654576762,1.0055872809807216
0.17535648032712992,1.0022226760559172
0.1755819341084922,0.9988580711311129
0.17580738788985473,0.9954934662063086
0.17603284167121702,0.9921288612815042
0.17625829545257943,0.9887642563566998
0.17648374923394183,0.9853996514318955
0.17670920301530413,0.9820350465070911
0.17693465679666653,0.9786704415822868
0.17716011057802883,0.9753058366574824
0.17738556435939123,0.971941231732678
0.17761101814075364,0.9685766268078736
0.17783647192211594,0.9652120218830693
0.17806192570347823,0.961847416958265
0.17828737948484075,0.9584828120334606
0.17851283326620304,0.9551182071086562
0.17873828704756534,0.9517536021838519
0.17896374082892774,0.9483889972590475
0.17918919461029015,0.9450243923342432
0.17936162758265184,0.9416538583973211
0.17949235817357667,0.9382786611229372
0.1796230887645015,0.9349034638485532
0.17975381935542645,0.9315282665741692
0.1798845499463514,0.9281530692997852
0.18001528053727633,0.9247778720254013
0.18014601112820106,0.9214026747510173
0.1802767417191259,0.9180274774766333
0.18040747231005083,0.9146522802022493
0.18053820290097577,0.9112770829278655
0.18066893349190072,0.9079018856534815
0.18079966408282555,0.9045266883790974
0.18093039467375038,0.9011514911047135
0.18106112526467533,0.8977762938303295
0.18119185585560016,0.8944010965559456
0.1813225864465251,0.8910258992815616
0.18145331703744993,0.8876507020071776
0.18158404762837488,0.8842755047327936
0.18171477821929982,0.8809003074584097
0.18184550881022454,0.8775251101840258
0.1819762394011495,0.8741499129096418
0.18210696999207432,0.8707747156352578
0.18223770058299926,0.8673995183608738
0.1823684311739242,0.8640243210864899
0.18249916176484904,0.8606491238121059
0.18262989235577398,0.8572739265377219
0.1827606229466987,0.853898729263338
0.18289135353762376,0.850523531988954
0.1830220841285486,0.8471483347145701
0.18315281471947342,0.8437731374401861
0.18328354531039837,0.8403979401658022
0.1834142759013232,0.8370227428914181
0.18354500649224825,0.8336475456170341
0.18367573708317297,0.8302723483426502
0.18380646767409792,0.8268971510682662
0.18393732860588508,0.823521966014974
0.18410582427383104,0.8201503096905532
0.18427431994177712,0.8167786533661325
0.1844428156097232,0.8134069970417118
0.18461131127766917,0.8100353407172911
0.18477980694561524,0.8066636843928704
0.18494830261356143,0.8032920280684497
0.1851167982815074,0.799920371744029
0.18528529394945337,0.7965487154196083
0.18545378961739944,0.7931770590951875
0.1856222852853454,0.7898054027707667
0.1857907809532916,0.786433746446346
0.18595927662123768,0.7830620901219253
0.18612777228918365,0.7796904337975046
0.18629626795712972,0.7763187774730839
0.1864647636250758,0.7729471211486632
0.18663325929302188,0.7695754648242424
0.18680175496096796,0.7662038084998217
0.18697025062891393,0.7628321521754009
0.1871387462968599,0.7594604958509802
0.18730724196480597,0.7560888395265595
0.18747573763275194,0.7527171832021388
0.18764423330069813,0.749345526877718
0.1878127289686442,0.7459738705532973
0.18798122463659028,0.7426022142288766
0.18814972030453625,0.7392305579044559
0.18831821597248233,0.7358589015800352
0.1884867116404284,0.7324872452556145
0.18882502858373673,0.7291551834582991
0.18938770575367947,0.7258754321683446
0.18995038292362232,0.7225956808783902
0.19051306009356506,0.7193159295884356
0.19107573726350802,0.7160361782984812
0.19163841443345075,0.7127564270085267
0.1922010916033936,0.7094766757185721
0.19276376877333634,0.7061969244286177
0.19324776350077322,0.7028996415154658
0.19338422879123762,0.6995249238539131
0.19352069408170203,0.6961502061923602
0.19365715937216643,0.6927754885308073
0.19379362466263095,0.6894007708692546
0.19393008995309524,0.6860260532077017
0.19406655524355976,0.6826513355461488
0.19420302053402394,0.679276617884596
0.19433948582448846,0.6759019002230432
0.19447595111495275,0.6725271825614905
0.19461241640541727,0.6691524648999375
0.19474888169588145,0.6657777472383847
0.19488534698634596,0.662403029576832
0.19502181227681026,0.6590283119152791
0.19515827756727477,0.6556535942537262
0.1952947428577393,0.6522788765921734
0.19543120814820358,0.6489041589306206
0.195567673438668,0.6455294412690679
0.19570413872913228,0.6421547236075149
0.1958406040195968,0.6387800059459621
0.1959770693100611,0.6354052882844093
0.1961135346005256,0.6320305706228564
0.1962499998909898,0.6286558529613036
0.1963864651814543,0.6252811352997508
0.1965229304719186,0.621906417638198
0.19665939576238312,0.618531699976645
0.19679586105284752,0.6151569823150923
0.19693232634331193,0.6117822646535395
0.19706879163377622,0.6084075469919867
0.19720525692424062,0.6050328293304338
0.19734172221470514,0.601658111668881
0.19747818750516943,0.5982833940073282
0.19761465279563395,0.5949086763457753
0.19775111808609813,0.5915339586842224
0.19789572629018493,0.5881601036202538
0.19809690209606368,0.5847922408925565
0.19829807790194243,0.5814243781648591
0.19849925370782096,0.5780565154371615
0.1987004295136996,0.5746886527094641
0.19890160531957835,0.5713207899817667
0.19910278112545698,0.5679529272540691
0.19930395693133562,0.5645850645263717
0.19950513273721426,0.5612172017986743
0.1997063085430929,0.5578493390709769
0.19990748434897154,0.5544814763432795
0.2001086601548503,0.5511136136155819
0.20030983596072893,0.5477457508878845
0.20051101176660757,0.5443778881601871
0.2007121875724862,0.5410100254324894
0.20091336337836485,0.537642162704792
0.2011145391842435,0.5342742999770949
0.20131571499012224,0.5309064372493972
0.201516890796001,0.5275385745216998
0.20171806660187952,0.5241707117940024
0.20191924240775816,0.5208028490663048
0.2021204182136368,0.5174349863386074
0.20232159401951544,0.51406712361091
0.20252048777321496,0.5106990146157673
0.2026632142505277,0.5073248443343037
0.20280594072784053,0.5039506740528399
0.20294866720515325,0.5005765037713761
0.2030913936824661,0.4972023334899123
0.20323412015977893,0.49382816320844847
0.20337684663709155,0.49045399292698466
0.20351957311440438,0.4870798226455211
0.2036622995917171,0.48370565236405727
0.20380502606903006,0.48033148208259346
0.2039477525463428,0.47695731180112966
0.2040904790236555,0.47358314151966585
0.20423320550096835,0.47020897123820204
0.2043759319782812,0.46683480095673846
0.20451865845559403,0.46346063067527465
0.20466138493290675,0.46008646039381085
0.20480411141021948,0.45671229011234704
0.20494683788753243,0.45333811983088323
0.20508956436484516,0.44996394954941943
0.205232290842158,0.44658977926795584
0.2053750173194706,0.44321560898649204
0.20551774379678356,0.439841438705028
0.20566047027409629,0.4364672684235644
0.205803196751409,0.4330930981421004
0.20594592322872185,0.4297189278606366
0.20608864970603458,0.426344757579173
0.20623137618334753,0.4229705872977092
0.20637410266066025,0.4195964170162454
0.20651682913797298,0.4162222467347816
0.20665955561528582,0.4128480764533178
0.20680228209259865,0.409473906171854
0.2069450085699115,0.4060997358903904
0.20708773504722422,0.4027255656089266
0.2072918293383147,0.3993593855771129
0.2075630578574127,0.39600194659714427
0.2078342863765107,0.3926445076171756
0.2081055148956087,0.38928706863720675
0.2083767434147067,0.3859296296572381
0.2086479719338048,0.38257219067726944
0.2089192004529027,0.3792147516973008
0.20919042897200069,0.3758573127173319
0.2094616574910988,0.37249987373736326
0.20973288601019668,0.3691424347573946
0.21000411452929468,0.36578499577742596
0.2102753430483928,0.3624275567974571
0.21054657156749068,0.35907011781748843
0.21081780008658868,0.3557126788375198
0.2110890286056868,0.35235523985755113
0.21136025712478468,0.34899780087758225
0.21163148564388268,0.3456403618976136
0.21202036715857508,0.34231567106083727
0.212618119149398,0.3390491183124824
0.21321587114022078,0.33578256556412733
0.21381362313104357,0.3325160128157725
0.21441137512186648,0.3292494600674176
0.21500912711268938,0.325982907319063
0.21560687910351228,0.3227163545707079
0.21620463109433496,0.31944980182235305
0.2177905759687505,0.31764649879601325
0.22004018127409686,0.31682589960937513
0.2221954515714757,0.3172567084171807
0.2242692817316846,0.3187678673613692
0.2259578193667412,0.320779717352617
0.22674995593557057,0.32395644846440375
0.22754209250439983,0.3271331795761907
0.2283342290732292,0.33030991068797766
0.22912636564205835,0.3334866417997646
0.22991850221088772,0.33666337291155135
0.2311871668390304,0.33750662288310096
0.23304236021245694,0.3354777360757628
0.23489755358588338,0.33344884926842444
0.23552710284977074,0.33023381509920524
0.23608978001971348,0.32695406380925074
0.23665245718965633,0.32367431251929646
0.23721513435959896,0.32039456122934173
0.23777781152954192,0.31711480993938745
0.23834048869948465,0.31383505864943295
0.2389031658694275,0.31055530735947845
0.23946584303937024,0.30727555606952395
0.24023827323539315,0.3040946239956639
0.24109972225503873,0.3009556306272061
0.2419611712746843,0.2978166372587485
0.24282262029432988,0.29467764389029094
0.24368406931397546,0.29153865052183314
0.2443934297209306,0.28833766183156184
0.24477493137753448,0.28500302928473964
0.2451564330341387,0.281668396737917
0.2455379346907426,0.2783337641910948
0.2459194363473467,0.27499913164427214
0.2463009380039506,0.2716644990974497
0.2466824396605546,0.2683298665506275
0.2470639413171587,0.26499523400380487
0.24744544297376259,0.26166060145698267
0.2478269446303667,0.25832596891016
0.2482084462869707,0.2549913363633378
0.24858994794357459,0.25165670381651517
0.24894867367894324,0.24831765585154364
0.24917970112883892,0.2449538518592982
0.2494107285787348,0.24159004786705274
0.24964175602863048,0.2382262438748073
0.24987278347852626,0.23486243988256184
0.25010381092842204,0.23149863589031638
0.2503348383783177,0.22813483189807093
0.2505658658282135,0.22477102790582548
0.2507968932781094,0.22140722391358003
0.25102792072800517,0.21804341992133458
0.25125894817790084,0.21467961592908913
0.2514899756277966,0.21131581193684368
0.2517210030776924,0.20795200794459823
0.2519520305275881,0.20458820395235278
0.25218305797748397,0.20122439996010733
0.25241408542737975,0.19786059596786187
0.2526451128772754,0.19449679197561642
0.2528761403271713,0.19113298798337097
0.253107167777067,0.18776918399112552
0.2533381952269629,0.18440537999887985
0.253578722174444,0.18104352135057744
0.25399381372999175,0.1777174107194608
0.2544089052855396,0.17439130008834436
0.25482399684108736,0.17106518945722793
0.2552390883966352,0.1677390788261115
0.255654179952183,0.16441296819499485
0.25606927150773084,0.16108685756387864
0.2564843630632787,0.15776074693276199
0.25689945461882646,0.15443463630164556
0.2573145461743743,0.15110852567052913
0.2577296377299221,0.1477824150394127
0.25814472928546994,0.14445630440829604
0.25888882546160763,0.14125991061823218
0.2596815320877378,0.13808268249825484
0.2604742387138679,0.13490545437827728
0.26126694533999806,0.13172822625829994
0.262059651966128,0.12855099813832216
0.26287246071462156,0.12539549649883064
0.2647276540880479,0.12336660969149227
0.2665828474614744,0.12133772288415412
0.26855163657736814,0.11957682034938433
0.2706257380071653,0.11806436061027759
0.27247705676602907,0.11618399634080001
0.27376352810206606,0.11337083992480768
0.27504999943810315,0.11055768350881556
0.27633647077414014,0.10774452709282323
0.27733507422853976,0.10471068110442983
0.2781965232481852,0.10157168773597225
0.2790579722678309,0.09843269436751445
0.2799194212874764,0.09529370099905665
0.28078087030712184,0.09215470763059908
0.28164231932676753,0.0890157142621415
0.282503768346413,0.08587672089368392
0.2833652173660587,0.08273772752522635
0.28422666638570415,0.07959873415676855
0.28508811540534984,0.07645974078831075
0.2859495644249953,0.07332074741985317
0.28734368509633657,0.07063415617854152
0.28879244246858027,0.06799396830716642
0.29024119984082375,0.06535378043579132
0.2914796996445491,0.06250530211442706
0.29263039220626597,0.059569838054194246
0.2937810847679828,0.05663437399396143
0.2949317773296999,0.05369890993372861
0.29608246989141673,0.050763445873495794
0.2972331624531338,0.047827981813262976
0.29838385501485065,0.04489251775303038
0.2995345475765675,0.041957053692797563
0.30143648678379187,0.040909069029937406
0.30375525103411005,0.04090834186347192
0.30591648564360174,0.04187998598217835
0.30799031580381075,0.04339114492636664
0.3096031780294063,0.04554455629668919
0.3105446402365267,0.04863340863457921
0.31148610244364716,0.051722260972469236
0.31242756465076715,0.054811113310359705
0.3133690268578876,0.05789996564824973
0.31485703129042386,0.06022733753619791
0.3169308614506329,0.06173849648038621
0.3187055961671824,0.06365092388908566
0.3195664819939995,0.0667893771318524
0.3204273678208168,0.06992783037461936
0.3212882536476339,0.07306628361738587
0.32214913947445123,0.07620473686015261
0.3230100253012683,0.07934319010291935
0.32402237125046585,0.08238244225596159
0.32505908287837915,0.08540573574052712
0.3260957945062922,0.08842902922509266
0.3271325061342055,0.0914523227096582
0.32826624912855584,0.09439349883053172
0.3295522157618219,0.0972058485277616
0.330838182395088,0.1000181982249917
0.33212414902835385,0.10283054792222157
0.3341652369959641,0.1040807887425812
0.3364146951847208,0.10489997701903353
0.33853751397677534,0.10403529237400155
0.3406116154065727,0.10252283263489459
0.34238172867128946,0.10046216906863537
0.3438304860435327,0.09782198119726027
0.3452792434157762,0.09518179332588517
0.3466431860456455,0.09245758421817896
0.34779387860736255,0.08952212015794614
0.3489445711690794,0.08658665609771332
0.35009526373079647,0.0836511920374805
0.3512459562925133,0.08071572797724769
0.35239664885423017,0.07778026391701487
0.35354734141594724,0.07484479985678205
0.3546980339776641,0.07190933579654923
0.35600525165490715,0.0700771565088758
0.35786008108198997,0.07210487984986935
0.35971491050907256,0.07413260319086268
0.36115921852704236,0.07266379008679924
0.3624456898630791,0.06985063367080713
0.3637321611991161,0.06703747725481479
0.36513914480492315,0.06455265035434987
0.36745790905524134,0.06455192318788416
0.3697480791316242,0.06472769711360682
0.371821909291833,0.06623885605779511
0.373895739452042,0.06775001500198341
0.3757767012855898,0.06971609895670583
0.3776315307126722,0.07174382229769916
0.37963658518415067,0.07331148734756643
0.3818860433729069,0.07413067562401876
0.3840095670275635,0.07533553345899646
0.3858643964546461,0.07736325679999001
0.3877192258817287,0.07939098014098334
0.38975344352434116,0.08099557446306327
0.39182727368454995,0.08250673340725179
0.39404391353605883,0.08313638178406002
0.396362677786377,0.08313565461759431
0.3986814420366952,0.08313492745112883
0.4010002062870134,0.08313420028466334
0.4030486838908506,0.08195094743510256
0.4049038772642771,0.07992206062776397
0.4067772517293965,0.07793606492290883
0.40885135315919363,0.07642360518380209
0.4109254545889912,0.07491114544469535
0.4121213613440792,0.07211848044010716
0.41315861551116917,0.06909453655808262
0.41419586967825917,0.06607059267605808
0.41523312384534894,0.06304664879403332
0.41631290035152746,0.060055871539560934
0.4174635929132443,0.05712040747932812
0.41861428547496116,0.0541849434190953
0.4197649780366782,0.05124947935886248
0.4209623405799382,0.0483560549732982
0.4222488119159752,0.045542898557305866
0.4235352832520122,0.04272974214131353
0.42482175458804894,0.03991658572532142
0.42652803916906856,0.037682353190776396
0.4283832325424951,0.03565346638343825
0.4303323627967538,0.03391235679846827
0.43258196810210003,0.03309175761183014
0.4348315474242056,0.03256077220561515
0.4370810056129618,0.03337996048206726
0.439310255365552,0.03427876956382869
0.441384085525761,0.03578992850801699
0.44345791568597004,0.037301087452205284
0.44553174584617883,0.0388122463963938
0.44760557600638806,0.04032340534058232
0.44967940616659685,0.04183456428477084
0.45175323632680586,0.04334572322895913
0.4539267203493619,0.04424175632321625
0.45624548459968006,0.044241029156750766
0.45837549236864394,0.045065597185241835
0.46023032179572654,0.04709332052623538
0.46208515122280935,0.04912104386722871
0.46429798706811287,0.048565737691472766
0.4665475923734589,0.04774513850483464
0.4687971976788051,0.04692453931819651
0.47104680298415136,0.04610394013155816
0.47329640828949715,0.045283340944920036
0.4755460135948436,0.04446274175828191
0.4777955126523715,0.04482639949383094
0.48004497084112774,0.04564558777028327
0.4821784006080322,0.04692192554166219
0.48425223076824075,0.048433084485850486
0.4864006291968105,0.049650446051134
0.4886500873855667,0.050469634327586554
0.49083578770512737,0.05154002724196327
0.4929096178653366,0.05305118618615179
0.4948834209565026,0.05472754416905867
0.4961693875897685,0.05753989386628855
0.497455354223035,0.060352243563518426
0.49874132085630085,0.06316459326074852
0.5004380863219208,0.06529849088634476
0.5025119164821298,0.06680964983053328
0.5046358604564046,0.06812336142153552
0.5068853186451608,0.06894254969798785
0.5090954734190162,0.06991659258664584
0.5111693035792254,0.07142775153083436
0.5132431337394344,0.07293891047502288
0.5154904351895998,0.07376659625529114
0.5177398933783558,0.07458578453174347
0.5200535405567862,0.07464559415194261
0.5223723048071044,0.07464486698547712
0.5246910690574226,0.07464413981901163
0.5270098333077408,0.07464341265254593
0.528898916417521,0.07652136948201593
0.5307537458446036,0.07854909282300948
0.5328062890006063,0.07971235742179683
0.5351250532509245,0.07971163025533134
0.5372462588742571,0.07884656830441084
0.5391014522476837,0.07681768149707269
0.5409566456211102,0.07478879468973432
0.5430145844204531,0.07323820560994077
0.5450886858502505,0.0717257458708338
0.5471627872800481,0.07021328613172706
0.5492368887098454,0.06870082639262032
0.5513109901396426,0.06718836665351358
0.5533850915694399,0.06567590691440683
0.555364537497771,0.06397198077772526
0.5570043658805836,0.06158108613962354
0.5586441942633963,0.059190191501521605
0.5602095936129287,0.05670218817958239
0.5616583509851721,0.054062000308207514
0.5631071083574156,0.051421812436832415
0.5645917820852239,0.04882848517701488
0.5662316104680366,0.046437590538913165
0.5678714388508493,0.04404669590081123
0.5694425682754364,0.04156616869433827
0.5708913256476796,0.03892598082296317
0.5723400830199233,0.03628579295158829
0.5738190266726769,0.03368498957630428
0.5754588550554897,0.031294094938202566
0.5770986834383022,0.02890320030010085
0.578881629757627,0.026801800464813175
0.5809557311874244,0.025289340725706433
0.583029832617222,0.02377688098659969
0.5851039340470189,0.02226442124749295
0.5871780354768165,0.020751961508386207
0.5894026177094595,0.01983271790805241
0.5916522230148057,0.019012118721414284
0.5939568697615015,0.018844030034046444
0.5962756340118197,0.018843302867580958
0.5985392397352952,0.019495120759190687
0.6007886979240514,0.02031430903564302
0.6029091896568376,0.021641622384109382
0.6049830198170464,0.023152781328297678
0.6070568499772554,0.024663940272486196
0.6091306801374644,0.026175099216674713
0.6112045102976736,0.02768625816086323
0.6132783404578824,0.029197417105051526
0.6153521706180914,0.030708576049240044
0.6174260007783005,0.03221973499342856
0.6194998309385092,0.03373089393761686
0.6215736610987183,0.035242052881805375
0.6236474912589273,0.03675321182599389
0.6258186151361967,0.037881035610539904
0.6280680733249527,0.03870022388699246
0.6302310481958139,0.03986015458210668
0.6323048783560229,0.04137131352629497
0.6344237316806357,0.04270508216784319
0.6366731898693917,0.04352427044429552
0.6388457734197929,0.044578884277749475
0.6407006028468757,0.0466066076187428
0.6425554322739583,0.04863433095973635
0.6447326047396283,0.04925268197631927
0.6470513689899463,0.04925195480985378
0.6493701332402645,0.049251227643388074
0.6516888974905827,0.04925050047692259
0.6540076617409009,0.0492497733104571
0.656326425991219,0.049249046143991615
0.6586451902415372,0.04924831897752591
0.6609639544918554,0.04924759181106042
0.6632827187421736,0.049246864644594934
0.6656014829924918,0.049246137478129226
0.6678720932234142,0.04981508954680214
0.6701215514121704,0.05063427782325447
0.6724148976372885,0.05093425496634563
0.6747336618876064,0.05093352779988014
0.6767588700615476,0.04964846933453382
0.6786140634349737,0.04761958252719545
0.680531027446332,0.04586094719830158
0.6828497916966502,0.045860220031835874
0.6851593405446154,0.04575024523953175
0.6874089458499616,0.044929646052893846
0.6896635096300664,0.04416782906310912
0.6919822738803846,0.04416710189664341
0.694296079655944,0.044107592533324524
0.6965456849612902,0.043286993346686176
0.6987952902666364,0.04246639416004805
0.7010448955719825,0.04164579497340992
0.7032945008773285,0.04082519578677157
0.7056097097472179,0.04078231995918968
0.7079284739975359,0.0407815927927242
0.7102472382478541,0.04078086562625871
0.7125660024981723,0.040780138459793225
0.7148847667484904,0.04077941129332752
0.7172035309988086,0.04077868412686203
0.7195222952491268,0.040777956960396544
0.721841059499445,0.040777229793930836
0.7241598237497632,0.04077650262746535
0.7264785880000814,0.040775775460999863
0.7287973522503995,0.04077504829453438
0.7311161165007177,0.04077432112806867
0.7334348807510359,0.04077359396160318
0.7357536450013541,0.0407728667951377
0.7378403242604422,0.039338123458512175
0.7399144256902391,0.037825663719405433
0.742113472877797,0.03797455726867316
0.7443629310665537,0.03879374554512571
0.7466124850238521,0.038545480753736205
0.7488620903291981,0.03772488156709786
0.7511524591316342,0.037387529351935234
0.7534712233819524,0.03738680218546975
0.7557899876322703,0.03738607501900404
0.7581087518825885,0.03738534785253855
0.7604275161329067,0.03738462068607307
0.7627462803832249,0.03738389351960736
0.7650650446335431,0.03738316635314187
0.7673838088838613,0.037382439186676386
0.7697025731341794,0.0373817120202109
0.7720213373844976,0.03738098485374519
0.7743401016348158,0.037380257687279705
0.776658865885134,0.03737953052081422
0.7789776301354522,0.03737880335434873
0.7812963943857704,0.037378076187883025
0.783574395138999,0.036894102049942035
0.785824000444345,0.03607350286330391
0.788073605749691,0.03525290367666578
0.7903232110550374,0.03443230449002743
0.7926050660022851,0.03399402141689478
0.7949238302526033,0.033993294250429296
0.7972425945029215,0.03399256708396381
0.7995613587532396,0.03399183991749832
0.801847873361656,0.03360879663752714
0.804097478667002,0.03278819745088901
0.8063750766866561,0.03229944894877135
0.8086938409369743,0.03229872178230586
0.8110126051872925,0.032297994615840375
0.8133313694376106,0.03229726744937467
0.8156220814268381,0.0326284085431825
0.8178715396155946,0.033447596819634606
0.8201447840824073,0.03398538493759107
0.8224635483327255,0.03398465777112536
0.8247823125830437,0.03398393060465987
0.8271010768333619,0.03398320343819439
0.82941984108368,0.0339824762717289
0.831738605333998,0.03398174910526319
0.8340335833062597,0.0342624220972938
0.8362830414950156,0.03508161037374613
0.838532541119675,0.035438946766928936
0.840782146425021,0.03461834758029081
0.8430469736618932,0.033978202791218104
0.8453657379122114,0.03397747562475262
0.8476845021625296,0.03397674845828713
0.8500032664128477,0.033976021291821645
0.8523220306631659,0.03397529412535594
0.8546407949134839,0.03397456695889045
0.8569595591638021,0.033973839792424965
0.8592783234141202,0.03397311262595948
0.8615970876644384,0.03397238545949377
0.8639158519147566,0.033971658293028284
0.8662346161650748,0.0339709311265628
0.868553380415393,0.03397020396009709
0.870856922734185,0.03378902239606596
0.8731065280395315,0.03296842320942783
0.8753670983488097,0.032277812991370336
0.8776858625991278,0.03227708582490485
0.8800046268494458,0.03227635865843914
0.882323391099764,0.032275631491973655
0.8846421553500822,0.03227490432550817
0.8869609196004004,0.03227417715904268
0.8892796838507185,0.032273449992576975
0.8915984481010367,0.03227272282611149
0.8939172123513549,0.032271995659646
0.8962359766016731,0.032271268493180294
0.8985547408519913,0.03227054132671481
0.9008735051023095,0.03226981416024932
0.9031922693526276,0.032269086993783835
0.9055110336029458,0.03226835982731813
0.907829797853264,0.03226763266085264
0.910148562103582,0.032266905494387155
0.9124673263539002,0.03226617832792167
0.9147860906042183,0.03226545116145596
0.9171048548545365,0.032264723994990474
0.9194236191048547,0.03226399682852499
0.9217423833551729,0.03226326966205928
0.9240611476054911,0.03226254249559379
0.9263689235268538,0.03239181118229317
0.9286183817156101,0.033210999458745505
0.9308745622502878,0.033950659983810194
0.9331933265006059,0.033949932817344486
0.9355120907509241,0.033949205650879
0.9378308550012421,0.03394847848441351
0.9401496192515603,0.03394775131794803
0.9424683835018784,0.03394702415148232
0.9447871477521966,0.03394629698501683
0.9471059120025148,0.03394556981855135
0.949424676252833,0.03394484265208564
0.9517434405031512,0.03394411548562015
0.9540622047534694,0.033943388319154666
0.9563809690037876,0.03394266115268918
0.9586997332541057,0.03394193398622347
0.9610184975044239,0.033941206819757985
0.9633372617547421,0.0339404796532925
0.9656560260050601,0.03393975248682701
0.9679747902553782,0.033939025320361305
0.9702935545056964,0.03393829815389582
0.9726055964100934,0.034017098738817975
0.9748550545988496,0.034836287015270306
0.9771045180017487,0.03559735753150117
0.9793541233070951,0.03477675834486327
0.9816037286124412,0.03395615915822492
0.9839206870839098,0.033934024673385244
0.986239451334228,0.03393329750691976
0.9885582155845462,0.03393257034045405
0.9908769798348641,0.03393184317398856
0.9931957440851823,0.03393111600752308
0.9955145083355005,0.03393038884105737
0.9977659194196963,0.03313119697279343
1.0000155247250428,0.032310597786155304
1.0023282262689173,0.032237997872330615
1.0046469905192352,0.03223727070586513
1.0069657547695536,0.03223654353939942
1.0092845190198716,0.032235816372933934
1.01160328327019,0.03223508920646845
1.013922047520508,0.03223436204000296
1.0161777155322977,0.031485635600723816
1.018427320837644,0.03066503641408569
1.0206768009785767,0.03123954185847322
1.022926259167333,0.03205873013492555
1.0251757173560887,0.032877918411378104
1.0274251755448454,0.033697106687830214
1.0296747407871347,0.03332305739478114
1.031924346092481,0.03250245820814279
1.03422001992598,0.03222799657837827
1.0365387841762979,0.032227269411912784
1.0388113819003695,0.03277270872731308
1.0410608400891261,0.033591897003765636
1.0433521988210948,0.03391538690012896
1.0456709630714127,0.03391465973366348
1.0479478267785183,0.034409630947286995
1.0501972849672745,0.035228819223739105
1.0524843777162096,0.035602777221879656
1.0548031419665276,0.03560205005541417
1.057084271656667,0.036046553167260464
1.0593337298454233,0.03686574144371302
1.0616165566113245,0.03729016754363035
1.0639353208616424,0.03728944037716486
1.0662207165348154,0.037683475387234155
1.068470174723572,0.03850266366368649
1.0707196329123279,0.03932185194013882
1.072969091101084,0.04014104021659115
1.0752433859009174,0.04066640252006293
1.0775621501512358,0.04066567535359744
1.079793236712455,0.040123201720615675
1.0818673381422519,0.038610741981509156
1.083962884534643,0.03738342725062482
1.0862123427233996,0.03820261552707693
1.088461809848094,0.03892220225930343
1.0907114151534398,0.03810160307266508
1.092961020458786,0.03728100388602695
1.095279728531834,0.03727961074392949
1.097598492782152,0.037278883577463784
1.0999172570324705,0.0372781564109983
1.1022360212827884,0.03727742924453281
1.1043103214502823,0.03576619747397558
1.1063844228800797,0.03425373773486884
1.1086452313354918,0.03389491094890973
1.1109639955858097,0.03389418378244424
1.1132827598361281,0.033893456615978756
1.115601524086446,0.03389272944951327
1.117920288336764,0.03389200228304756
1.1202390525870825,0.033891275116582076
1.1225578168374004,0.03389054795011659
1.1248765810877188,0.03388982078365088
1.1271953453380368,0.033889093617185395
1.1295141095883552,0.03388836645071991
1.1318328738386731,0.03388763928425442
1.1341516380889916,0.033886912117788714
1.1364176257838734,0.03326052443639327
1.1386672310892196,0.032439925249755364
1.140965356022408,0.03219452114906196
1.143284120272726,0.032193793982596475
1.1456028845230444,0.032193066816130766
1.1479216487733623,0.03219233964966528
1.150191790183706,0.032766838033106094
1.1524412483724618,0.03358602630955865
1.1547350634181592,0.03388045713788146
1.1570538276684772,0.03387972997141597
1.1593725919187956,0.03387900280495049
1.1616913561691136,0.033878275638485
1.1638533591470397,0.034845176907538855
1.165927189307249,0.03635633585172737
1.168099959644577,0.037256774256748226
1.1704187238948953,0.03725604709028274
1.1727374881452133,0.03725531992381703
1.1750562523955317,0.037254592757351546
1.177276076468731,0.03786458613005372
1.1793499066289392,0.03937574507424202
1.181464855870995,0.040633091375614994
1.183783620121313,0.040632364209149285
1.186102384371631,0.0406316370426838
1.1884211486219494,0.04063090987621831
1.1907399128722673,0.04063018270975283
1.1930586771225857,0.04062945554328712
1.1953774413729037,0.04062872837682163
1.197696205623222,0.040628001210356146
1.20001496987354,0.04062727404389044
1.2023337341238585,0.04062654687742495
1.2046524983741764,0.040625819710959465
1.2069712626244948,0.04062509254449398
1.2092489533332031,0.04037057851089032
1.2113230547630005,0.03885811877178358
1.2133971561927979,0.037345659032676615
1.2156346568343572,0.03800585263246137
1.2178841150231134,0.0388250409089137
1.2201938873219946,0.0389306917370873
1.2225126515723126,0.03892996457062159
1.2247712297418012,0.03821573774484088
1.2270208350471474,0.037395138558202756
1.2291282901934446,0.038460242773497244
1.2312021203536534,0.03997140171768576
1.2334162087308744,0.04061679938662377
1.2357349729811924,0.04061607222015806
1.2380537372315108,0.040615345053692575
1.2403725014818288,0.04061461788722709
1.2426912657321472,0.04061389072076138
1.2450100299824651,0.040613163554295895
1.2473287942327835,0.04061243638783041
1.2496475584831015,0.04061170922136492
1.2518262198552943,0.03974530870112947
1.2539003212850917,0.03823284896202295
1.2560567685358048,0.03722919092574184
1.2583755327861228,0.03722846375927635
1.2606710203077363,0.03695179342170207
1.2629206256130825,0.036131194235063946
1.2651702309184287,0.0353105950484256
1.267419836223775,0.03448999586178747
1.2696842044026377,0.03384440898828811
1.2720029686529557,0.033843681821822624
1.274321732903274,0.03384295465535714
1.2766404971535925,0.03384222748889143
1.2789592614039105,0.033841500322425944
1.2812780256542289,0.03384077315596046
1.2835819956270864,0.03401506757178163
1.2858314538158426,0.034834255848233964
1.2880809120045988,0.03565344412468652
1.290330370193355,0.03647263240113863
1.2925798283821113,0.03729182067759118
1.294829286570867,0.03811100895404351
1.2970787489972473,0.03888296392735646
1.2993283543025935,0.03806236474071811
1.3015779596079398,0.037241765554079986
1.3038944590213988,0.037214188984813434
1.3062132232717167,0.03721346181834795
1.3084649511151483,0.03800579926997871
1.3107144093039045,0.038824987546431045
1.3129640007359944,0.038159022118177566
1.315213606041341,0.03733842293153944
1.3175215915996121,0.03720991550430286
1.31984035584993,0.03720918833783737
1.3221591201002485,0.037208461171371665
1.3244778843505665,0.03720773400490618
1.3267966486008844,0.03720700683844069
1.3291154128512028,0.037206279671974984
1.3314341771015208,0.0372055525055095
1.3337529413518392,0.03720482533904401
1.3358649454479012,0.03848035092007063
1.3379387756081105,0.039991509864259145
1.3401615448273025,0.04058332395730724
1.3424803090776205,0.04058259679084175
1.344799073327939,0.040581869624376266
1.3471178375782569,0.04058114245791078
1.3492878277226912,0.03966116380340967
1.3513619291524885,0.03814870406430293
1.3535270476309602,0.0371986241622877
1.3558458118812782,0.03719789699582221
1.3581388483032022,0.036892169129176366
1.3603884536085484,0.03607156994253846
1.3626380589138947,0.03525097075590011
1.364887664219241,0.034430371569261986
1.3671372695245867,0.03360977238262386
1.3693868748299334,0.03278917319598573
1.3716364801352792,0.031968574009347384
1.3738860854406254,0.031147974822709257
1.37614439086399,0.030430514620311433
1.3784631551143085,0.030429787453845725
1.380773219246608,0.030325921303139936
1.3830228245519542,0.02950532211650203
1.385276873047725,0.02873739648511897
1.387595637298043,0.028736669318653263
1.3899099583579364,0.02868326859693271
1.392159563663283,0.02786266941029436
1.3944091685724058,0.027046486593145236
1.396658626761162,0.02786567486959779
1.3989080849499183,0.02868486314605012
1.401157543138675,0.029504051422502453
1.4034070013274311,0.030323239698954785
1.4051198594107759,0.03252397691131703
1.4067592588787092,0.0349138431807412
1.4084334149932758,0.03718140547820403
1.4107521792435938,0.037180678311738546
1.413058412541706,0.03725730000506222
1.4151322427019153,0.03876845894925074
1.4172060728621245,0.04027961789343926
1.4194795469693755,0.040558449763536286
1.4217983112196935,0.04055772259707058
1.4237389256614663,0.04221037028548391
1.4255937550885482,0.04423809362647746
1.4275947669125593,0.04562666736632148
1.4299135311628777,0.045625940199856
1.4322104575909558,0.045883562264190214
1.434459915779712,0.046702750540642324
1.436664845287885,0.04769738086407882
1.4387386754480942,0.04920853980826734
1.4408155767057775,0.050678958882779845
1.4430651820111233,0.0498583596961415
1.4453147873164696,0.04903776050950359
1.4475642519902827,0.04978466519390734
1.449813710179039,0.05060385347035967
1.4517105512772313,0.048875819903253515
1.4535657446506574,0.046846933095915144
1.4556037546691214,0.04561788372364295
1.4579225189194398,0.04561715655717746
1.4602140092254174,0.04529309964857431
1.4624636145307637,0.04447250046193618
1.4646548098120098,0.043421640881234236
1.4667289112418067,0.041909181142127494
1.4688030126716045,0.04039672140302075
1.4708771141014019,0.03888426166391379
1.4729512155311992,0.03737180192480705
1.475176369170757,0.03645481088956637
1.4774259744761031,0.03563421170292824
1.4796755797814494,0.034813612516290116
1.4819251850867956,0.03399301332965199
1.4840453436967787,0.03266211736529967
1.486119445126576,0.031149657626192706
1.488316245876526,0.03039533742999012
1.4906350101268444,0.030394610263524635
1.4929537743771624,0.03039388309705915
1.4952725386274803,0.030393155930593663
1.4975566194080647,0.029981259877605027
1.499806224713411,0.029160660690966678
1.5020862565608972,0.028700764961866687
1.5044050208112152,0.0287000377954012
1.5066932937953128,0.029060033190350998
1.5089427519840695,0.029879221466803108
1.511218435456012,0.03038815528361738
1.51353719970633,0.030387428117151893
1.5158559639566485,0.030386700950686407
1.5181747282069664,0.0303859737842207
1.520467267174098,0.030695501077393494
1.5227167253628542,0.031514689353845826
1.5249661835516104,0.03233387763029816
1.5272156417403666,0.03315306590675049
1.5294827932462414,0.033762935927118765
1.5318015574965598,0.03376220876065328
1.5341026284297592,0.03397079985027185
1.5363520866185154,0.03478998812672396
1.5386015448072712,0.03560917640317651
1.5408510029960274,0.036428364679628844
1.5431096225358347,0.037139170903551344
1.5454283867861527,0.03713844373708586
1.547747151036471,0.03713771657062037
1.550065915286789,0.03713698940415466
1.5523846795371075,0.03713626223768918
1.5547034437874254,0.03713553507122369
1.5570222080377438,0.03713480790475798
1.5593409722880618,0.037134080738292496
1.56165059463421,0.03702497725921372
1.5639001999395563,0.036204378072575594
1.5661546902214782,0.03544168976956574
1.5684734544717966,0.035440962603100035
1.5707922187221146,0.03544023543663455
1.573110982972433,0.03543950827016906
1.575429747222751,0.035438781103703576
