Curve 1_x,Curve 1_y,Curve 2_x,Curve 2_y,Curve 3_x,Curve 3_y,Curve 4_x,Curve 4_y
0.06108948141391046,-0.1320983440862733,0.06111091592790885,-0.5964944583673457,0.44855828382996066,1.3454521750872743,0.6422171357900917,3.7210631082843975
0.10948327440754557,0.9150530627477167,0.1095106620776356,0.3216769978653531,0.49696783656265797,2.051156064949481,0.6906374901885455,4.192740156879466
0.15787706740118157,1.9622044695816783,0.15791040822736324,1.2398484540980803,0.5453773892953553,2.756859954811631,0.7390578445870002,4.664417205474535
0.20627086039481668,3.0093558764156683,0.20631015437709,2.158019910330779,0.5937869420280517,3.462563844673838,0.7874781989854531,5.136094254069604
0.2546646533884527,4.056507283249658,0.25470990052681763,3.076191366563478,0.642196494760749,4.168267734535988,0.835898553383907,5.607771302664673
0.30305844638208956,5.103658690083591,0.3031096466765453,3.9943628227961767,0.6906060474934463,4.8739716243981945,0.8843189077823608,6.079448351259742
0.3514522393757247,6.150810096917581,0.3515093928262729,4.9125342790288755,0.7390156002261437,5.5796755142603445,0.9327392621808146,6.551125399854811
0.39984603236936067,7.1979615037516,0.39990913897599967,5.830705735261603,0.787425152958841,6.285379404122551,0.9811596165792675,7.022802448449852
0.4482398253629958,8.245112910585533,0.4483088851257273,6.7488771914943015,0.8358347056915383,6.991083293984701,1.0295799709777214,7.4944794970448925
0.4966336183566318,9.292264317419523,0.49670863127545495,7.667048647727,0.8842442584242347,7.696787183846908,1.078000325376176,7.9661565456399615
0.5450274113502669,10.339415724253513,0.5451083774251817,8.5852201039597,0.932653811156932,8.402491073709058,1.12642067977463,8.437833594235002
0.5934212043439029,11.386567131087475,0.5935081235749093,9.503391560192426,0.9810633638896293,9.108194963571265,1.1748410341730828,8.909510642830071
0.6418149973375389,12.433718537921465,0.6419078697246361,10.421563016425125,1.0294729166223267,9.813898853433415,1.2232613885715367,9.38118769142514
0.690208790331174,13.480869944755455,0.6903076158743637,11.339734472657824,1.077882469355024,10.519602743295621,1.2716817429699905,9.852864740020209
0.7386025833248109,14.528021351589388,0.7387073620240914,12.257905928890523,1.1262920220877213,11.225306633157771,1.3201020973684443,10.324541788615278
0.786996376318446,15.575172758423378,0.787107108173819,13.176077385123222,1.1747015748204186,11.93101052301995,1.3685224517668972,10.796218837210404
0.8353902667465549,16.620213168438028,0.8355067825728497,14.095803378323723,1.2231114733359263,12.6292227480956,1.4169429964370615,11.26377349503099
0.8837841842343357,17.664667308747454,0.8839064406570003,15.01588284664058,1.2715215453644175,13.323675673775625,1.465363639010616,11.729206996548697
0.9321781301027716,18.708506559161293,0.9323060967511108,15.936005430788981,1.3199318052725282,14.014058035278111,1.5137843899882668,12.192291835504477
0.9805721047996538,19.751721217920107,0.9807057640202421,16.855885899041454,1.368342266120834,14.700086864619266,1.5622052615947117,12.65276315386555
1.0289661090065207,20.79429651894594,1.0291054538741156,17.77527705056741,1.4167529367756018,15.38157006696207,1.610626263076841,13.110420610299428
1.0773601495942824,21.836083598441974,1.077505173647551,18.694019970547117,1.4651638212818785,16.05842000307962,1.6590474007037308,13.56512838017386
1.1257542392104503,22.87680843775854,1.1259049275094837,19.612024335600267,1.5135749216764367,16.730592544666052,1.7074686807444577,14.016750638856848
1.1741483910847679,23.916184403802816,1.174304719221361,20.52920865094748,1.5619862376743159,17.398093865568313,1.7558901079008304,14.465185517874062
1.2225426154213261,24.953990416694978,1.222704552889427,21.445483951454662,1.6103977674090428,18.06096440448357,1.80431168515066,14.91036850052518
1.270936916622257,25.990131100676706,1.271104434155851,22.36072799495284,1.658809508216259,18.71926188688073,1.8527334131208546,15.35228600434715
1.3193312996517612,27.024498902306362,1.3195043707002538,23.27477439626756,1.7072214569614257,19.373054225075833,1.9011552899306912,15.790978776729446
1.3677257698569933,28.056977971162297,1.367904370045527,24.18746016584018,1.755633610980186,20.022399144537474,1.949577311400783,16.226537367427085
1.416120332575887,29.087452656564977,1.4163044369979616,25.098681171452625,1.8040459682350898,20.66734078827119,1.9979994712098135,16.659098732943903
1.4645149918833429,30.11583467250358,1.4647045736472526,26.008392138227606,1.8524585299799536,21.307851991350503,2.04642176705912,17.088712675645382
1.5129097511075038,31.14205191207779,1.5131047793664907,26.916606648628374,1.9008713009165819,21.943830885301224,2.0948442008294252,17.515338448141506
1.5613046134566613,32.166034865034504,1.5615050518570142,27.823374505019927,1.949284286060239,22.575168810417694,2.1432667740879996,17.93894209427458
1.6096995943864307,33.18744867293816,1.6099053792280813,28.728953329943806,1.9976974681397568,23.20223996052985,2.1916894702204814,18.35988357761653
1.6580947021625212,34.20611425250084,1.6583057561718757,29.633458121588518,2.0461108450788767,23.825089319462137,2.240112287826779,18.778193232335155
1.706489935136661,35.22206731490104,1.7067061774589405,30.537002180334895,2.0945244143311594,24.44377205788672,2.2885352267606125,19.193874227672012
1.7548852800643893,36.23559481206016,1.7551066379381846,31.439697108755553,2.142938172879986,25.058353533323015,2.3369582881295186,19.606902567941972
1.803280720536672,37.247052259041766,1.803507134260876,32.34161545984165,2.1913521180221878,25.66889231205883,2.3853814735112158,20.01724407061269
1.8516762417100638,38.25676125113321,1.8519076648806445,33.24279073700245,2.239766246427693,26.275460542845224,2.4338047844834207,20.424864553151764
1.9000718301891606,39.26501201055717,1.9003082306803813,34.143203811602206,2.2881805541395197,26.878143956896565,2.4822282223103977,20.82973662425823
1.9484674843974519,40.271838693723,1.9487088349722512,35.04278292296024,2.3365950375141384,27.477021494195355,2.530651788413138,21.231829497015525
1.9968632104828243,41.277108101689805,1.9971094828707754,35.94141726081418,2.3850096929080227,28.07217209472438,2.5790754828020903,21.63114294504925
2.045259011301898,42.280758343448355,2.0455101788635686,36.839009597364736,2.4334245166776434,28.663674698466338,2.6274993036069807,22.02771748937468
2.0936548897112948,43.28272752798961,2.0939109274382446,37.735462704812704,2.481839505179475,29.251608245403787,2.675923248644078,22.42160044223877
2.1420508480974547,44.28296395115191,2.142311734022779,38.63065898166414,2.530254653829626,29.836072049214266,2.724347315886382,22.81283572027249
2.190446888690092,45.2814193043894,2.19071260498551,39.52446045273001,2.5786699548051857,30.41723559963529,2.772771503620345,23.20146044887531
2.2388430135621906,46.27804867477198,2.2391135466947745,40.416729142821566,2.6270853979845796,30.995318188769346,2.821195809975693,23.587515149062597
2.2872392243165596,47.272817336216974,2.2875145650487294,41.30733726359725,2.675500971917785,31.570567890605474,2.8696202320373043,23.97106297928829
2.335635522556002,48.265690562641794,2.335915666415711,42.19614683986828,2.7239166638263335,32.14326156101902,2.9180447663153934,24.352179548597576
2.3840319092208793,49.25664798035149,2.3843168472223466,43.083235291674924,2.772332459492856,32.71370723087216,2.966469407481245,24.730980307927865
2.4324283864382004,50.24564350598877,2.43271808543283,43.9690800425995,2.82074834643144,33.282175417557426,3.0148941466014243,25.107658807380062
2.4808249575216212,51.23260534653383,2.4811193611428424,44.85411233584898,2.869164313618958,33.848904946053125,3.0633189730185,25.48244594882894
2.529221625551048,52.21746677328508,2.5295206630680447,45.73857665576159,2.9175803601598282,34.413915219878106,3.1117438793663075,25.855501326217222
2.5776183841257545,53.200366463192154,2.577921988784394,46.62252552119497,2.9659964962263734,34.97698584739703,3.1601688615699457,26.226913225555876
2.626015217777142,54.18163955598908,2.6263233379261948,47.50596685525278,3.014412734306542,35.53784626711851,3.2085939158679686,26.59676314162428
2.6744121100737592,55.16164205234875,2.6747247123323756,48.38886081604272,3.062829089674085,36.09616556084785,3.2570190410065614,26.965078239348827
2.722809055499546,56.14049346219255,2.7231261147299843,49.27114831984997,3.1112455795262184,36.651571136923394,3.305444238709719,27.331821166955734
2.7712060634615625,57.11798997394325,2.7715275466862916,50.15279541051635,3.159662221808177,37.203674197335545,3.35386951477634,27.696866286660054
2.8196031419493366,58.09395848801867,2.8199290064772997,51.03383943981581,3.208079034230103,37.75209103749833,3.4022948792369467,28.059996279050466
2.8680002947259897,59.068317473322764,2.8683304928491946,51.914307572674716,3.2564960309757813,38.29651435418137,3.4507203458835063,28.420912329935987
2.9163975218778484,60.04106505954309,2.916732007264761,52.79416811667889,3.3049132222324644,38.83672343235736,3.499145931799256,28.779244317193985
2.9647948256247343,61.01215315241208,2.9651335539033816,53.67333052207363,3.3533306122004323,39.37262726952281,3.5475716481118056,29.134751152102183
3.0131922085314393,61.98152618367587,3.0135351396610437,54.55164538176342,3.4017481989362723,39.90426797131357,3.595997499836418,29.487324174954864
3.0615896725303138,62.94914228738898,3.0619367725830617,55.42893838747031,3.4501659791173713,40.43171752478477,3.6444234927719883,29.83683774796731
3.1099872190794136,63.914969873569106,3.1103384632746227,56.304979769191476,3.498583949609193,40.95504384225251,3.6928496316203256,30.183190002665384
3.1583848479295833,64.87901434037471,3.158740219927015,57.179592056065616,3.5470021071204716,41.47431823164865,3.74127591935924,30.526316422348657
3.2067825630311457,65.84119010087403,3.207142056258454,58.05247803183869,3.595420450083937,41.98957464913133,3.7897023553618254,30.866230589480438
3.2551803742161027,66.80128413676891,3.255543988296571,58.923290444859134,3.643838978342864,42.50081649031628,3.838128935709909,31.203017394455856
3.303578294206762,67.7590208089465,3.30394602763916,59.79177801955743,3.692257691583797,43.0080505464351,3.8865556547613167,31.53679907944391
3.3519763337288433,68.71416773601362,3.352348183924926,60.657731925561535,3.740676590433644,43.51126323502464,3.9349825051498897,31.867735238387354
3.400374501864113,69.66652815416163,3.400750464520036,61.520992568928534,3.7890956764596746,44.01042059992676,3.983409479509458,32.195985465229086
3.448772795500421,70.6161694906186,3.449152874674839,62.38144619652911,3.837514950915706,44.505495476215145,4.031836569846952,32.52172293637517
3.4971712108315414,71.56317421033984,3.4975554178373294,63.23901810481553,3.8859344148988217,44.99646409457904,4.08026377146056,32.84504952029971
3.545569754260889,72.50740357816534,3.5459580979256797,64.09362340339251,3.934354068722481,45.4833196637868,4.128691084193559,33.165968612618485
3.593968433311356,73.44869460453643,3.5943609190147905,64.9451738062493,3.9827739119164995,45.96607237068605,4.177118508516125,33.484470026484104
3.6423672525280244,74.38694881659475,3.642763884552653,65.79359460983812,4.031193944637609,46.444718819660835,4.225546045682078,33.8005265969702
3.6907662125378007,75.32215263187712,3.6911669973603525,66.63882469307447,4.079614168818768,46.919217131449585,4.273973697258686,34.114104367918685
3.739165313967593,76.25429246792027,3.739570260415701,67.4807995392581,4.128034587228823,47.38950731683968,4.322401465350566,34.42515774106016
3.7875645583846707,77.1833343685662,3.7879736766965095,68.31945463168861,4.176455202987384,47.85552178690713,4.370829353435566,34.73361136606289
3.8359639476697573,78.1092375864252,3.836377248240229,69.15474582736073,4.224876019564835,48.31718535301613,4.419257364976602,35.03939021598731
3.8843634830766653,79.03197495657085,3.884780982193604,69.98651828619353,4.273297039401637,48.77444514057785,4.467685503630635,35.3424150597979
3.9327631652323074,79.95153289653999,3.9331848919097734,70.81448270172055,4.321718264848695,49.22725021535507,4.516113772688934,35.6426145895627
3.981162994136678,80.8679114063325,3.9815889900836137,71.63836402906162,4.370139698256912,49.67554964311083,4.564542174032219,35.93994805789217
4.029562969633057,81.78111388156435,4.029993279755631,72.45809639327001,4.418561333155704,50.119483614269,4.6129707089143075,36.23438829985986
4.077963095326158,82.69106222307187,4.078397762869235,73.27363768870984,4.466983153939548,50.559390235146196,4.6613993779621055,36.525921733002434
4.1263633785821465,83.59759683691232,4.126802444823211,74.0848709464037,4.515405144933718,50.995609111421885,4.709828181175613,36.81454835731998
4.174763826991088,84.50055327826308,4.175207322999295,74.8918528931097,4.563827290237553,51.428484743753984,4.7582571176144715,37.1002885465073
4.223164435961394,85.40003102747298,4.223612392881908,75.69468136251143,4.612249573907651,51.85836255887756,4.8066861849277736,37.383193234801524
4.2715651878018726,86.2964133786688,4.272017649437352,76.49346541379904,4.660671980349683,52.28558042056528,4.855115378570439,37.66336089506095
4.319966066843374,87.19003981660725,4.320423089678593,77.28826976341477,4.709094495301498,52.71044732985547,4.90354469180321,37.94093753876513
4.368367068581888,88.08100792438637,4.368828710157642,78.07916911490634,4.757517111945479,53.13311099603544,4.951974116267319,38.21610426542384
4.4167681992856505,88.96918189553236,4.417234506956323,78.86624835866894,4.8059398313787085,53.55354764979472,5.000403642454664,38.48906707572897
4.465169463579532,89.85446152850966,4.465640475686284,79.64960257194502,4.854362657926854,53.97166357213706,5.048833262790112,38.75999009111135
4.513570863093491,90.73681150891392,4.51404661195917,80.42932683197719,4.902785598987423,54.38729848999637,5.097262971631491,39.02899555373992
4.5619723968871675,91.61625221044002,4.562452911909052,81.20550489728859,4.951208663274436,54.80026360713401,5.145692762553001,39.29622268386248
4.610374065744196,92.49276665500895,4.610859370781878,81.97823976822536,4.999631859564598,55.21036876906493,5.194122630382651,39.5617835368009
4.658775870995015,93.36632601761536,4.65926598552762,82.74759752613426,5.048055195224075,55.6174543818461,5.242552571829176,39.82574942048683
4.707177813827263,94.23690456703724,4.707672745396655,83.51381107031108,5.096478674327768,56.0214321594668,5.290982587206029,40.08811354368885
4.755579894725056,95.10449181459481,4.756079641592301,84.27707098801545,5.144902298599673,56.42226475015303,5.339412679491025,40.3488113897065
4.803982112281767,95.96911823593979,4.804486674323526,85.03737275175973,5.193326068823422,56.81993517582583,5.387842852915787,40.60775127691315
4.85238446524694,96.83081092323539,4.852893845392689,85.79467731196198,5.241749984058659,57.21446381018015,5.436273114219574,40.86478719382916
4.900786952330375,97.6895978296761,4.901301155531183,86.54896882241528,5.290174040418551,57.60593486448769,5.484703470768553,41.11975954651166
4.949189576196433,98.54542122979316,4.949708603929253,87.30026482713458,5.338598232323621,57.994469222671285,5.533133931182702,41.372481576091445
4.997592332120913,99.39838347714883,4.99811618995999,88.04857890858307,5.387022553692866,58.38019863462415,5.581564501574375,41.6228208535521
5.045995204655021,100.24881928244372,5.04652391283976,88.79392804483976,5.435446999824476,58.763224968820424,5.629995183040656,41.87075360958292
5.094398176206159,101.09710980355203,5.094931771628202,89.5363326095995,5.483871567583915,59.1436161375762,5.678425975424821,42.11628323979977
5.142801240583614,101.94338916729802,5.1433397650715005,90.2758197677887,5.532296253679915,59.521443448823305,5.726856875592329,42.35947765651875
5.191204404017279,102.78752239795347,5.191747891602386,91.01242347556553,5.580721054977941,59.896774814878,5.775287878371193,42.60044891506152
5.2396076734031425,103.62936008842294,5.240156149496862,91.74618108470366,5.62914596881363,60.26966796120885,5.823718977134105,42.839340601467626
5.288011051405558,104.46884451323777,5.288564537657839,92.47711636451393,5.677570992992809,60.64017042643715,5.8721501625446155,43.07635499742156
5.336414537084167,105.30599604609276,5.336973055928594,93.20523271061197,5.725996125791481,61.008319562336794,5.920581425467784,43.311690018815995
5.384818129968787,106.14082487383538,5.385381704309122,93.93053012299788,5.774421365955831,61.37414253383412,5.9690127569701765,43.54553921575172
5.43322183005942,106.97333099646556,5.433790482172519,94.65302218413481,5.822846712388769,61.73766311023991,6.0174441512528976,43.77802822601359
5.4816256378262445,107.8035042271359,5.482199388264968,95.37273605894924,5.871272163993208,62.098905060864695,6.06587560659195,44.009194401375424
5.530029554052895,108.63132758776737,5.530608424122393,96.08963847040633,5.9196977230304935,62.45781939182331,6.114307121733519,44.2390649067637
5.578433578896103,109.45679768274422,5.579017584510115,96.80384283207391,5.968123394493498,62.81429792849798,6.162738696677605,44.46763974217842
5.626837711885681,110.27992469891379,5.627426867337213,97.5153944454616,6.0165491826667665,63.16824784269036,6.211170332678021,44.69489174269307
5.675241953021633,111.10070863627615,5.6758362865081295,98.22399205952502,6.064975091596706,63.51958146577428,6.259602031380403,44.92078525434172
5.723646306909318,111.91904971596688,5.724245855820367,98.92933674022788,6.113401125030514,63.86821761166274,6.308033794978927,45.14527273850317
5.772050782132551,112.73476196272026,5.772655588024119,99.63115224423751,6.161827286416182,64.21408157680796,6.356465626216313,45.36829477190085
5.820455385795102,113.54769146756118,5.821065493647751,100.32921046606859,6.210253578574797,64.55711224012555,6.404897528383826,45.5897800466027
5.868860114288061,114.35791642044492,5.869475578786195,101.02337935399535,6.258679997901636,64.897387700779,6.4533295036756435,45.809681023987565
5.917264953838737,115.16573521791994,5.917885846382436,101.71359514589884,6.3071065342094546,65.23512867379566,6.501761553032127,46.02797733036064
5.965669892456093,115.9714076554643,5.966296300720346,102.39976502828034,6.355533176903506,65.57056470280386,6.55019367739364,46.244648592027005
6.01407492907439,116.77495682326568,6.014706946014133,103.08179769680376,6.403959915451747,65.90392397318573,6.598625877700542,46.45967443529193
6.062480073285311,117.57617490963668,6.063117786251629,103.7596067519114,6.452386739572885,66.23542923733811,6.647058155363375,46.673024299613104
6.110885332455025,118.37490232063453,6.111528825664463,104.43310051197656,6.5008136392364015,66.56529781467248,6.695490511165774,46.88468120691144
6.15929071351086,119.17098897004064,6.159940067746719,105.10220327474102,6.549240606292496,66.8937062772107,6.743922944637559,47.09465534403449
6.207696223756292,119.96427662215851,6.208351518389488,105.76678740499887,6.597667635098999,67.22077686712183,6.792355453898006,47.30298745837183
6.256101868206581,120.75465661728231,6.256763176385052,106.42687906896603,6.646094721737736,67.54659447480088,6.84078803675294,47.50972508854477
6.3045076492322245,121.54207759672312,6.3051750310759775,107.08270916851725,6.694521863544351,67.87121682571654,6.889220691164908,47.71491237755876
6.352913569442723,122.32648302347769,6.353587069767386,107.73455274853276,6.74294905957848,68.19466429356376,6.937653413842648,47.91862063334571
6.401319631333953,123.10781882236432,6.4019992857200165,108.38255582049212,6.7913763142911705,68.51684044285355,6.986086200867984,48.12093474630069
6.449725836625435,123.88604773862681,6.450411678620419,109.02672517562695,6.839803636584511,68.83755240260825,7.03451904706893,48.321966771745366
6.498132190041362,124.661067418703,6.498824249408953,109.66704044024246,6.8882310362382615,69.15658828640161,7.082951947273495,48.521828765001175
6.546538699507643,125.43270614145072,6.5472369998096145,110.30346426256477,6.936658522029129,69.47375793974857,7.131384898817323,48.72057845153688
6.594945374231983,126.20076441444151,6.5956499323300335,110.93594231274105,6.9850861011665515,69.78890516432207,7.179817900289871,48.9182463918948
6.6433522110014795,126.96531184779933,6.644063048850937,111.56443384338152,7.0335137805465155,70.10188055302672,7.2282509534151345,49.11479523430086
6.691759193634079,127.72669903885604,6.692476350626135,112.18891168955989,7.081941565811189,70.41256186369358,7.27668406148438,49.31015367082341
6.740166304733091,128.48530290096602,6.740889839066174,112.80934529073377,7.130369461505655,70.72085062346417,7.3251172284605595,49.504235840891226
6.788573537872713,129.24126265437718,6.789303514641235,113.42572446005587,7.1787974710779014,71.02667212879095,7.373550461485941,49.69688700144118
6.836980896971118,129.9944934086945,6.837717376724406,114.0380627799893,7.227225596878835,71.3299754454367,7.421983768284926,49.88793979712304
6.885388386573387,130.74489669105964,6.886131424688783,114.64637383299737,7.275653840162272,71.63073340847507,7.470417157164039,50.07721426029897
6.933796011642539,131.4923649736387,6.934545658534365,115.25065761908007,7.324082201084938,71.92894262229021,7.518850633922179,50.264584753184295
6.98220377755953,132.23678167362243,6.982960078888059,115.8509005557741,7.372510679176651,72.22461327372966,7.567284200283339,50.450013924005106
7.030611686936478,132.97809019741408,7.0313746865335,116.44708566500051,7.420939272713417,72.51778271456703,7.615717857501338,50.633474607834955
7.079019739930107,133.71628714939771,7.079789485179893,117.03913258385191,7.469367980598147,72.8084747141132,7.664151604008902,50.815000760831964
7.127427936853877,134.45136573834196,7.1282044684444585,117.62717960044645,7.5177968021098955,73.0967048922007,7.7125854355744075,50.99468406462273
7.1758362773943265,135.18333275547826,7.176619615568557,118.21167646742657,7.566225735493324,73.38251127972663,7.761019346634049,51.172645063568524
7.224244760611098,135.91220857450148,7.22503490739463,118.79303824888882,7.614654778930397,73.66593326583435,7.809453330291838,51.34903316476459
7.27265338556383,136.63801356910648,7.27345032709758,119.37162947417707,7.663083930540395,73.94701159791342,7.857887379573432,51.523999473114316
7.321062151782341,137.36075792614065,7.321865860544326,119.94775634793999,7.711513188599319,74.2257836277378,7.906321487269389,51.697700186944786
7.369471062344177,138.08037496805724,7.370281506690024,120.52144150761637,7.759942553890804,74.50223237722841,7.954755649618262,51.87021680103527
7.41788012356116,138.7967279441471,7.418697276139861,121.0924551832033,7.808372029706115,74.77628653845329,8.003189866933507,52.041542524154096
7.46628934057963,139.50970535473482,7.467113177670544,121.66060722021587,7.856801619367866,75.04787412435755,8.05162413984203,52.2116637738381
7.5146987076006955,140.2194328376052,7.515529219640845,122.2257165191443,7.905231325759829,75.3169326556102,8.100058468343832,52.38058055008733
7.563108208387442,140.92626217855565,7.563945410461772,122.78760084860718,7.953661151264253,75.58341051885108,8.148492851655279,52.54830983098074
7.611517828991177,141.6304955873928,7.612361758596581,123.346076845351,8.002091098232045,75.84725677984312,8.196927288679282,52.71487538582903
7.659927557155854,142.3323986012726,7.66077827270213,123.90095695153803,8.050521168857378,76.10842389996503,8.245361778632205,52.88029419271115
7.708337381659824,143.03221434628665,7.70919496162888,124.4520494147464,8.098951364864252,76.36687452744297,8.29379632104387,53.04457643847451
7.756747300308911,143.7299903610563,7.757611837168227,124.99909876482224,8.147381687349752,76.6225848929663,8.342230914973912,53.20774249681409
7.805157320782733,144.42556026040702,7.806028910987621,125.5418522170335,8.19581213631388,76.87555499653502,8.390665559795426,53.36980595019287
7.853567450729569,145.1187583382876,7.854446192159809,126.08011320295408,8.24424271050282,77.12581200307557,8.439100255665139,53.53076340299526
7.9019776982365215,145.80940938092243,7.90286368263517,126.6138394660317,8.292673404211714,77.37347951300325,8.487535003209956,53.69060127275793
7.950388072384799,146.4973166366301,7.951281377084987,127.14314645720378,8.341104207598107,77.61877077099064,8.535969804153876,53.84928220770706
7.9987985832497035,147.18226181582307,7.999699268143095,127.6681937704132,8.389535110412062,77.86190785031133,8.58440466126574,54.00674621863004
8.047209240413968,147.86403730084933,8.04811734656261,128.18918174699235,8.437966102623054,78.10310807037686,8.632839577105422,54.16293784380218
8.095620051909847,148.54246906639878,8.096535601372642,128.70634808004763,8.486397174827468,78.34257516813554,8.681274552404314,54.31784123701621
8.14403102878659,149.21731772155727,8.144954025363754,129.2198489679061,8.534828318248598,78.58049929807245,8.72970958543842,54.47149375004619
8.192442183543164,149.8883124659643,8.193372615087954,129.72975911411544,8.583259525677002,78.81703665851461,8.778144674483743,54.62393273466583
8.240853526210097,150.55523598020838,8.241791367253978,130.2361498266075,8.631690791000333,79.0523196784784,8.826579818532752,54.77518001983387
8.289265054514848,151.21813750071868,8.290210279667647,130.7390686440036,8.680122109360054,79.28645362205378,8.875015015256933,54.92528605469954
8.337676754508719,151.87731923730183,8.338629351702055,131.238529148767,8.728553477151447,79.51951658840431,8.923450261454581,55.074320206842685
8.386088610205565,152.53312754276988,8.3870485833572,131.73453134089763,8.776984891866881,79.75156290738275,8.971885552894067,55.22237415789019
8.434500604208697,153.18593933047728,8.435467974633083,132.2270752203955,8.825416352095814,79.98262313953154,9.020320885343766,55.36953958946873
8.482912718024338,153.836155283089,8.483887525529704,132.71616078726066,8.873847857054612,80.21271426292955,9.068756255982592,55.51587762266277
8.531324941621966,154.48399272001646,8.532307236203792,133.2017846458773,8.922279407213452,80.44182609072942,9.117191662616367,55.6614357960936
8.579737273747764,155.12947880618623,8.580727106028435,133.68396037870858,8.970711002415612,80.66996201854684,9.165627106028728,55.80619713168221
8.628149714088279,155.77262033282986,8.629147138350218,134.16261547937,9.01914264388356,80.89709556057878,9.214062589510938,55.950090321496674
8.676562263427147,156.41340032186832,8.67756734142957,134.63757097893443,9.067574335629505,81.12313978906039,9.262498117686443,56.09301519487076
8.724974923645087,157.05177802591194,8.725987722697191,135.10866588526426,9.116006081540274,81.34801049271982,9.310933696510867,56.23484271840388
8.773387697406461,157.68769571949204,8.774408288127143,135.57577076547472,9.164437885534042,81.57162278116195,9.359369331861467,56.37544555650331
8.821800588002532,158.32108209467677,8.822829042116997,136.03879034258117,9.212869750902072,81.79390534645484,9.407805030007323,56.514687884536954
8.870213599098298,158.9518577462965,8.871249976778167,136.4978955292458,9.261301679681818,82.01481404559306,9.45624079408297,56.65250179018861
8.91862673441904,159.57994196317554,8.9196710724153,136.95351304118805,9.309733672656911,82.23433190049752,9.504676622207686,56.78892802084792
8.967039997159574,160.2052655269917,8.968092311004805,137.4060333742255,9.358165729984078,82.45245551555249,9.553112511246933,56.92403448883107
9.015453393244181,160.8277000834676,9.016513675724653,137.85582099112125,9.406597851349868,82.66919168198953,9.601548459633443,57.057855150296035
9.063866929662877,161.4470941881383,9.06493515032749,138.3032279040471,9.455030035813918,82.88456077350352,9.649984467367215,57.190390005242904
9.112280610647293,162.06335615937712,9.113356719140622,138.7485936745835,9.50346228165223,83.09860014186827,9.69842053585879,57.32160849312933
9.160694439551383,162.67641333100576,9.161778367431719,139.19223749061618,9.551894585886993,83.31137430378408,9.746856667459074,57.45145967971837
9.20910841907085,163.28620729843243,9.21020008140881,139.6344581663359,9.600326945226943,83.52295456718286,9.795292864205516,57.57989942200436
9.257522543093346,163.8928704906735,9.25862184869047,140.07552395539128,9.648759356537541,83.73340884438079,9.843729128292292,57.70688018136627
9.305936796416356,164.49673228246203,9.30704366750046,140.5154733414281,9.697191818251518,83.94277109153572,9.892165459719404,57.83240195780391
9.35435116480908,165.09810099571314,9.355465546511004,140.95411843370516,9.745624329491203,84.15106032409636,9.940601856449401,57.95650889432284
9.40276563485569,165.69726729513977,9.403887497110924,141.39121248414068,9.794056889880451,84.35828469154052,9.989038315347745,58.0792689032391
9.451180193735924,166.2945089421147,9.452309533562369,141.82644649169634,9.842489500516352,84.5644204245576,10.037474831399173,58.20079064425846
9.499594829225082,166.89009079467075,9.500731671067852,142.2594910816391,9.89092216230792,84.76944782857598,10.085911397864429,58.32122012886063
9.548009530979186,167.48423696345105,9.54915392561352,142.68999990115685,9.939354876195518,84.9733465299008,10.134348007063892,58.440723742219916
9.59642429088762,168.07712317157353,9.597576313498971,143.11761980620582,9.98778764343296,85.17608936360554,10.182784655236118,58.55938297911567
9.644839103386577,168.6688699633992,9.645998845851818,143.54210970806395,10.036220465117337,85.37765256037969,10.231221342224378,58.677201235163864
9.69325397078778,169.259427253595,9.694421528627682,143.96334057333058,10.084653341875553,85.57802253775998,10.279658067871948,58.794181905980025
9.741668903121749,169.84857772274935,9.742844366371648,144.38121392914738,10.133086274334518,85.77718571328307,10.32809483186537,58.91033178279599
9.790083915982818,170.43598350708973,9.791267361904797,144.79566865442985,10.18151926265096,85.97513869133346,10.376531633577738,59.02566444807485
9.838499030058935,171.02119638532983,9.839690513346408,145.2067454965677,10.229952306511425,86.17188826314242,10.424968472382144,59.14019348427988
9.886914267291875,171.60374097125697,9.888113814427403,145.61458028019308,10.278385405602457,86.36744121994175,10.473405348121863,59.25392228702688
9.93532965040704,172.18312490057943,9.936537257781616,146.01933259924883,10.326818559453876,86.56180774857884,10.521842261110349,59.36684406508425
9.983745201973106,172.7588592046213,9.984960834945795,146.42118581698838,10.3752517675955,86.75499803590108,10.570279211661052,59.47895202722029
10.032160932553467,173.33071501887733,10.033384536516323,146.8203436703601,10.423685028930244,86.94703585121911,10.618716199617248,59.59024956905097
10.080576839765875,173.89874395670773,10.081808356224125,147.21694198399624,10.472118342361016,87.13794496384361,10.667153223568395,59.70076725111835
10.1289929181273,174.46306481242544,10.130232290464477,147.6110588570602,10.520551704784626,87.32779260696736,10.715590281320315,59.810552612043864
10.177409159837563,175.02384658321705,10.178656335475939,148.00277578433128,10.568985110621593,87.51669966451328,10.764027370287014,59.9196616794882
10.225825555276042,175.58129770765282,10.227080487810515,148.39216746935728,10.617418554731275,87.7047775126795,10.812464487490681,60.02815897015165
10.274242092688217,176.135672856918,10.275504744960575,148.77928824199108,10.665852031941684,87.89213820678779,10.860901630031867,60.13610730292663
10.322658758595573,176.68726405397192,10.323929105358848,149.16417205839065,10.714285537707736,88.0788802196964,10.909338794619305,60.24357798574505
10.37107553855512,177.236384217871,10.372353571530383,149.54676421141255,10.762719068738171,88.26507485933723,10.95777597874537,60.35062534845986
10.419492417629577,177.78335697692165,10.420778150092534,149.9269213306116,10.811152622995536,88.4507662687158,11.006213182566784,60.45724599545511
10.467909383413405,178.32845110717483,10.46920284726214,150.30450872322763,10.859586199069287,88.63598500837426,11.054650407650817,60.56340597057283
10.51632642603281,178.87188053242622,10.517627668855509,150.6794003741851,10.908019796019065,88.82075145200756,11.103087654781103,60.669088295733985
10.56474354188307,179.41372335183942,10.566052620915336,151.05146536363026,10.956453413844871,89.00506559961559,11.151524923957643,60.77429297093852
10.613160733158363,179.95393202679315,10.614477708770334,151.42058824062576,11.00488705364379,89.18890368188778,11.199962213613167,60.879053952344606
10.661578002209595,180.49245562305026,10.662902936495406,151.78668071916064,11.053320717766729,89.37221476458706,11.248399520769865,60.98343575665248
10.709995351544393,181.02923981075793,10.711328307381816,152.14967149130302,11.101754408878042,89.55494112224471,11.296836842136472,61.087509691794
10.758412786961655,181.5641589521314,10.759753823780468,152.5095096228158,11.150188129798817,89.73702163377624,11.34527417395154,61.19135725254853
10.806830316969414,182.09702871374122,10.808179478063984,152.8663603670015,11.198621882096322,89.91842234302362,11.393711514491073,61.29501579068989
10.855247949430883,182.62767873269155,10.856605253096888,153.22059497785477,11.247055668717024,90.09907941240974,11.442148863598344,61.39848870183397
10.903665690221084,183.15598172189857,10.905031132631821,153.57256546754746,11.295489495397128,90.27886856239604,11.49058622252717,61.501748821054235
10.952083542882047,183.681860940445,10.953457100839369,153.92261479327578,11.343923367747458,90.45766822993687,11.539023595038996,61.60471465357139
11.0005015099214,184.205262058478,11.001883142360285,154.2710757253887,11.392357291566908,90.63535277724728,11.587460987559625,61.707246979137466
11.048919593219864,184.72614432860797,11.050309242775699,154.61826066054024,11.440791272184196,90.81180675338996,11.635898408082133,61.80917262134642
11.097337794031258,185.24448058590843,11.098735389233997,154.9644480392264,11.489225314144402,90.98693168550665,11.684335861026215,61.91039582383246
11.145756112042127,185.76027762161092,11.147161571861389,155.30985178524287,11.5376594213657,91.16064268320207,11.732773348178561,62.01087787657548
11.194174540121397,186.2736899362347,11.195587783761887,155.65462130568514,11.586093597139353,91.33286843854444,11.781210870197425,62.11060451798912
11.242593064790551,186.78500955273884,11.244014019763503,155.99886865587473,11.634527843972995,91.50355462168082,11.829648425828989,62.2096029129998
11.291011672179257,187.2945369831222,11.292440276418244,156.34266853935932,11.6829621640608,91.67265369398999,11.878086013976164,62.307896830918025
11.339430348182093,187.80257783280717,11.340866559681734,156.6858919227384,11.731396559283493,91.84012490808217,11.926523634012044,62.40549985420728
11.387849079163814,188.30942752036884,11.389292884756486,157.02820943127884,11.779831030738164,92.00594449464685,11.974961285466451,62.50242216971475
11.43626785169815,188.81537693689444,11.437719267471916,157.36927810778434,11.828265579208443,92.17009547560508,12.023398968025925,62.59867056867219
11.484686653508154,189.32069207228875,11.48614572444108,157.70873801697954,11.876700205007785,92.33257105972504,12.071836681377016,62.69425184231105
11.53310548351764,189.82539624311354,11.534572272590486,158.04622243235758,11.925134908606372,92.4933610601594,12.120274425362995,62.78916938624735
11.581524352948252,190.3292463232773,11.58299892492847,158.38144951780657,11.973569690787842,92.65244849882919,12.168712200140595,62.88341980486504
11.629943276681814,190.83191988599916,11.631425690701917,158.71421893199403,12.022004552900041,92.80980417343844,12.217150006023266,62.97699630693276
11.678362272163241,191.33303897311998,11.679852578060629,159.04435410289818,12.070439496855043,92.96538665747428,12.265587843324456,63.06989210121867
11.72678135791042,191.83220237957232,11.72827959390059,159.37170562342357,12.118874524157418,93.11916335302507,12.314025712357624,63.1621003964913
11.775200554141126,192.32897207091736,11.776706743550518,159.69615804263273,12.167309636374442,93.27110030393274,12.362463613592952,63.253611005903224
11.82361988154331,192.82289982586883,11.825134030771855,160.01762986574647,12.215744834916661,93.42116694965506,12.410901547814076,63.34440695137536
11.87203936035886,193.31354708758545,11.873561458228961,160.33606336729602,12.264180120097516,93.56935649896033,12.459339515961348,63.434467859213015
11.920459010226862,193.80048835928676,11.921989027489102,160.65142459112337,12.312615491133384,93.7156859299277,12.50777751850496,63.523783542568566
11.96887884700085,194.283380161374,11.970416739022467,160.96370335038114,12.361050946770442,93.8601824074835,12.556215555444906,63.61235400144216
12.017298882748795,194.7619610314302,12.018844592202141,161.27291322753246,12.409486485754885,94.00287309655423,12.60465362537065,63.700209796376015
12.065719122172508,195.23612910098117,12.067272584677221,161.57910515681448,12.457922106832884,94.14378516206631,12.653091725617822,63.787408652838764
12.114139562764352,195.70593869987985,12.115700715193894,161.88230630315354,12.506357808280454,94.2829559557936,12.701529854619169,63.87398452698852
12.162560200449436,196.1714781141372,12.164128982498346,162.1825438314762,12.55479358790341,94.42043301635744,12.749968011747766,63.95995100128846
12.210981029585584,196.6328695859221,12.212557383926216,162.47987546725113,12.603229443350854,94.55626727799478,12.798406197787264,64.04529109765957
12.25940204076918,197.09031685218287,12.26098591744005,162.77434535348374,12.651665372115152,94.69051307055852,12.846844414931825,64.1299572774806
12.307823222581552,197.54406730778533,12.309414584224017,163.06592783441016,12.700101372002129,94.82321793267002,12.895282665532365,64.2138986065145
12.356244563469682,197.99437125812312,12.357843388213693,163.3545376423447,12.748537438341321,94.9544830536802,12.94372095272342,64.29704717244508
12.404666055776348,198.44139460328267,12.406272332630701,163.64010497851797,12.796973563515804,95.08447346051719,12.992159278385701,64.37936222788278
12.45308769652373,198.88520185996433,12.454701420452837,163.92256532622966,12.845409740190748,95.21334806800067,13.040597642205773,64.46085056405911
12.50150948351766,199.32584056678928,12.503130654814653,164.20185077316376,12.893845961626907,95.34125288761024,13.089036040787873,64.54158575264992
12.549931414407224,199.7633616579947,12.55156003853722,164.47790019823566,12.942282222025378,95.46831355713073,13.137474468437594,64.6216911676961
12.598353486684799,200.1978194634334,12.599989573501274,164.75067285405584,12.990718516214171,95.5946421318836,13.185912919627695,64.70128656124842
12.64677569893984,200.62924454364764,12.648419261117352,165.02013818008194,13.03915483964821,95.7203370847273,13.234351388057762,64.78050843706211
12.695198052191072,201.05761482713467,12.696849102325816,165.28627580261917,13.087591188409318,95.8454833060569,13.282789870499213,64.85942674482288
12.743620549102848,201.48287258842583,12.74527909759684,165.5490755348201,13.136027559206235,95.97015210380434,13.331228367892416,64.93802111083588
12.792043192417902,201.90495840424455,12.793709246930439,165.8085373766848,13.18446394921787,96.09440459905414,13.379666881647909,65.0162609745588
12.840465985270756,202.3238043622747,12.842139542333525,166.06483450461923,13.232900356093326,96.21829172604325,13.428105413019507,65.09411917106524
12.88888893095269,202.73933915458437,12.890569968290142,166.31830308458808,13.281336778108598,96.34185083654563,13.476543962790844,65.17157872227622
12.937312033225146,203.15148128639427,12.939000509597777,166.5692724913245,13.329773213853153,96.4651124911035,13.524982531275382,65.24863283696013
12.985735296006288,203.56014586730925,12.987431150897185,166.81807549517737,13.378209662700074,96.58809027218007,13.57342111878656,65.3252747238852
13.034158715942171,203.96540556350755,13.03586187745604,167.06503128403236,13.426646124179188,96.71079436662276,13.621859725794577,65.40149419620417
13.082582281623067,204.36750757581976,13.08429267657946,167.31041490276965,13.475082597506857,96.83324175251056,13.670298352456145,65.47728785830122
13.131005978856757,204.7667593903171,13.132723537766749,167.5544538576481,13.523519082056174,96.95544601230677,13.718736998614544,65.55265910579212
13.179429791452138,205.16351180023233,13.181154452241183,167.7973383031529,13.571955577356954,97.07741733285877,13.76717566426977,65.62760793867687
13.227853703555686,205.5581082851642,13.22958541279334,168.03922443761104,13.620392083252481,97.1991591097823,13.815614349421827,65.7021343569555
13.27627769902452,205.95089859354061,13.278016413467585,168.28024129442312,13.668828599742747,97.32067134307746,13.86405305360053,65.77624854747535
13.324701762656138,206.34221210009463,13.326447449718843,168.52048734644745,13.71726512682775,97.44195403274418,13.91249177586552,65.84997088393138
13.373125880911735,206.73234213379158,13.374878518255846,168.760033901616,13.765701666074763,97.56297322262444,13.96093051527644,65.92332174001831
13.421550042072964,207.12154258221318,13.423309616884422,168.99892849854996,13.814138220618323,97.68366100040211,14.009369271049648,65.9963180938152
13.469974237302837,207.5100049058506,13.471740744507473,169.23719490655998,13.862574794533332,97.80392908006633,14.057808042558241,66.06897352778532
13.518398460489005,207.89786153372023,13.520171901125012,169.47483312564611,13.911011392521596,97.92367559314289,14.106246831056028,66.14126087700217
13.566822709437288,208.2851600044433,13.568603088461023,169.7118058040345,13.959448018658017,98.0428122536209,14.154685639207377,66.21312241599702
13.615246985871687,208.671862966246,13.617034307299148,169.94809596364604,14.007884676704036,98.16125756672096,14.203124468736275,66.28452079299612
13.66367129355365,209.05788892434904,13.66546556202774,170.18360852723822,14.056321370107652,98.2789368288955,14.251563320896542,66.35542884307296
13.71209563828206,209.44311224096757,13.71389686205041,170.4181397578628,14.1047581020034,98.39578212782831,14.300002195688174,66.42584656622759
13.760520033221995,209.827247684374,13.762328215673689,170.65150968788208,14.153194875212366,98.51173234243493,14.348441091857362,66.49580112738636
13.808944497315009,210.2098848701439,13.810759630420469,170.88355532773744,14.201631692398903,98.62672974724663,14.396880007209925,66.56534006517063
13.85736904963702,210.590610503325,13.859191113186734,171.11412727033343,14.250068557418503,98.74069081011464,14.445318937984416,66.63454487435973
13.905793705211414,210.96909908988798,13.907622670241556,171.34308969103785,14.298505475161038,98.85350958782593,14.493757881359757,66.7034766760381
13.954218473911991,211.34513670603718,13.95605430707039,171.57032374329754,14.34694244963872,98.96509915261578,14.542196835768666,66.77216942636375
14.00264336435873,211.7185365929033,14.004486028061576,171.79573434986997,14.395379483515901,99.07540177901558,14.590635801681335,66.84061293848939
14.051068384231256,212.08913236531188,14.052917836663118,172.01924680720742,14.443816578830043,99.18437332401979,14.639074781762114,66.90874948694622
14.099493540425547,212.45677461616754,14.101349735696092,172.2407999942254,14.49225373746186,99.29197304023882,14.68751378017995,66.97648874835383
14.14791883780014,212.82135808138025,14.149781727197952,172.46034976791844,14.540690961135349,99.39816357589876,14.7359528029218,67.04370101018856
14.196344279489571,213.182814848634,14.198213812579239,172.67786556774433,14.589128251417785,99.50291097484165,14.784391852746063,67.11032650961221
14.244769868001478,213.54109058807586,14.24664599262359,172.893330415624,14.637565609719703,99.60618467652512,14.832830928398922,67.17639241155118
14.293195604746396,213.8961547391636,14.295078267330998,173.1067443115575,14.686003037451647,99.70795412040704,14.881270027999657,67.24193946339514
14.341621489097422,214.24802088436041,14.34351063842547,173.31806990377092,14.734440536024161,99.80818874594507,14.92970914966754,67.30700841253372
14.390047518390192,214.59674674913504,14.391943109041533,173.52723927994816,14.782878106691063,99.9068613882128,14.978148292148761,67.37162642389347
14.438473688236362,214.94242741072998,14.440375682783918,173.73417434092576,14.831315750235982,100.00395506913125,15.02658745481641,67.43580707993752
14.486899992680302,215.2851919025458,14.488808364040972,173.93878000946114,14.879753466502192,100.09947318431617,15.07502663704358,67.49956396312908
14.53532642817998,215.62511696549973,14.53724115688759,174.14096799954342,14.928191255019515,100.19342592061506,15.123465837733177,67.56292084277882
14.583752992912894,215.96224208575273,14.585674065241959,174.34065342077736,14.976629115631228,100.28581667364364,15.17190505594485,67.6258980925816
14.632179687024399,216.29656411396437,14.63410709239533,174.5377649652312,15.025067048337322,100.37664544340191,15.220344290894955,67.68851269061639
14.680606513388975,216.6280207723019,14.682540239444803,174.73227886359422,15.073505053137803,100.46591222988988,15.268783542270041,67.75077142811483
14.729033474574523,216.95655642490647,14.73097350576346,174.92420869832966,15.121943129562483,100.55362721995502,15.31722281069702,67.81266072261369
14.777460573558868,217.28210655507766,14.7794068907244,175.1135680519007,15.17038127667101,100.63981078729208,15.365662097116248,67.87416020041809
14.825887813319808,217.60460664611526,14.827840393230536,175.30038069361808,15.218819493523016,100.72448330559598,15.414101402781542,67.9352426966017
14.874315196364984,217.92400236816636,14.876274011714594,175.48468057963976,15.26725777792433,100.80769231348788,15.462540728476535,67.99589123308542
14.922742724261655,218.2402597650729,14.924707744609305,175.6665016661238,15.315696126426955,100.88951251451559,15.510980074044506,68.05610920548506
14.971170397480014,218.5533686499875,14.973141590347405,175.84587790922825,15.364134534642536,100.9700389859216,15.559419438545083,68.11591698749544
15.019598215863324,218.86333241852594,15.021575547361616,176.0228432651112,15.412572996928906,101.04939396987487,15.607858820097556,68.17535532650629
15.06802617894141,219.17016125753563,15.070009613614497,176.19744187677804,15.461011507800622,101.12769631292863,15.656298217291374,68.23445478305976
15.116454285930635,219.47387214509558,15.11844378706859,176.36971788723434,15.509450062242427,101.20505467478858,15.704737629969811,68.29321875277174
15.164882535577187,219.77449224613227,15.166878060984645,176.5398173079596,15.55788865570923,101.28156752831316,15.753177058759777,68.35163365317894
15.213310926157062,220.07205891241955,15.21531242345141,176.70799820575508,15.60632728412614,101.35732315951313,15.801616504915087,68.40967231935494
15.261739450147376,220.36673513351604,15.263746863498005,176.8744982737271,15.654765943888433,101.43239966755215,15.850055969940312,68.46730215338803
15.310168094338286,220.6588071113253,15.312181371407357,177.03952804005556,15.703204631391396,101.50687515159373,15.898495455904262,68.52447833314957
15.358596845631892,220.94855862231105,15.36061593871621,177.20327086799395,15.751643342716848,101.5808345020329,15.946934964781684,68.58115807388043
15.407025692855816,221.23623172537137,15.409050558215133,177.36588295586927,15.800082074103349,101.65435921364906,15.995374497199494,68.63732779311741
15.455454626570608,221.52203093359532,15.457485222663335,177.52752118113176,15.848520822729805,101.72751040752672,16.043814053314414,68.69298409524467
15.503883638433924,221.8061369907613,15.505919925603672,177.6883254431525,15.896959586872233,101.80032543543959,16.092253632969715,68.74813037587802
15.552312721200499,222.08870687133714,15.554354661362622,177.8484186632237,15.945398364963355,101.87283825354584,16.140693235381768,68.80278361309644
15.60074186840871,222.36988057171158,15.602789425207044,178.00790338894268,15.993837155435907,101.94508281800356,16.18913285895195,68.85697844218123
15.64917107532092,222.64976073649947,15.65122421334413,178.16686179421185,16.042275956879344,102.01708968935489,16.237572501266683,68.91076715561573
15.697600339080227,222.92840926292612,15.699659022608015,178.3253624704705,16.090714768039845,102.08888603252632,16.28601216119751,68.96417420183374
15.746029657770078,223.20586767452193,15.748093850459705,178.4834604266947,16.1391535876636,102.16049901244426,16.33445183921463,69.01718939398796
15.794459030571025,223.4821537255067,15.7965286953006,178.64119029816567,16.187592414026618,102.23196598088259,16.3828915362584,69.06979235838335
15.842888458701049,223.7572410270947,15.844963556472438,178.79856634646973,16.236031244934715,102.30333447646265,16.43133125342591,69.12195932570938
15.891317945415603,224.03105904749478,15.893398434100606,178.95558585511426,16.284470078193706,102.37465203780556,16.479770991344054,69.17367671350291
15.939747495537384,224.3035032987578,15.941833327213386,179.11226987691728,16.332908911609437,102.44596620353269,16.528210750012853,69.22494452176377
15.988177115142934,224.57444212800806,15.990268233898727,179.26865983839156,16.38134774314444,102.51732111664944,16.576650529432293,69.2757627504921
16.036606809869937,224.8437533900942,16.038703152244544,179.42479716605,16.429786570917997,102.58875752454557,16.625090330229284,69.32611781722463
16.085036587089036,225.1112773940558,16.087138080025326,179.58073007763696,16.478225392579205,102.66032636145803,16.673530153030732,69.37599613949817
16.13346645364696,225.37686579999098,16.135573015172277,179.7365033952811,16.526664205463703,102.73208535285562,16.721969998463557,69.4253841348494
16.18189642323464,225.64022198266838,16.1840079640387,179.89197946920666,16.575103007063866,102.80408882859115,16.770409864960477,69.47431575943654
16.230326494598273,225.90137310701442,16.232442926624614,180.04715829941375,16.623541795498966,102.87637753605429,16.818849748289864,69.52288269488614
16.278756666013848,226.16035652480295,16.280877902616552,180.20204667713386,16.671980569515185,102.94897864017148,16.86728964469028,69.57116643597763
16.3271869352872,226.41721977465525,16.329312891701072,180.35665139359872,16.720419328015446,103.02191591025337,16.915729550713728,69.61924168625876
16.375617299910694,226.67201718642423,16.37774789356471,180.5109792400399,16.768858070059373,103.09520971999478,16.964169464322765,69.66715258873484
16.424047757376698,226.92480308996272,16.42618290758056,180.66504379892052,16.81729679486334,103.16887704747478,17.01260938551738,69.714899143406
16.472478305334306,227.17562841950786,16.474617932808265,180.81886544393555,16.8657355021139,103.24292468392485,17.061049315864842,69.76244739411416
16.5209089412759,227.42454750491243,16.523052967994012,180.97247134001137,16.914174192594665,103.31733565126615,17.109489257872795,69.80974301100639
16.569339662223648,227.67162486287683,16.571488011727247,181.12589204769023,16.962612867716203,103.39207938895626,17.15792921201141,69.8567758072353
16.617770464729574,227.91693519694869,16.61992306275416,181.27915473189853,17.011051529045766,103.46712194083725,17.206369176870147,69.90357634334319
16.666201345032228,228.16056000190736,16.668358121544934,181.43224920578893,17.059490178307357,103.54242595513523,17.254809149314468,69.95021253164614
16.714632299056703,228.4025875637638,16.71679319029375,181.5851279307401,17.10792881706824,103.61795747569212,17.30324912495601,69.9967794493866
16.76306332429538,228.6430722123708,16.765228270881323,181.7377501593624,17.15636744673897,103.69368594196573,17.351689099281053,70.04337489029993
16.811494420121335,228.8820275301917,16.81366336456147,181.8900887267294,17.204806069200252,103.7695706065663,17.400129067180295,70.09010955146118
16.85992558575095,229.11947049530545,16.862098471961104,182.0421300503779,17.253244686489552,103.84556732648849,17.448569026177445,70.13703708360015
16.908356890017203,229.3539097853876,16.910533602653288,182.19366672184995,17.301683300330858,103.92163874995833,17.497008976742684,70.1841472998695
16.956788194283448,229.58834907546972,16.958968733345486,182.345203393322,17.350121912291442,103.99775092081791,17.54544891965965,70.23142322219005
17.005219498549693,229.82278836555187,17.00740386403767,182.4967400647941,17.39856052378184,104.07387327852487,17.59388885571198,70.27884787248291
17.053650802815945,230.057227655634,17.05583899472986,182.64827673626615,17.446999136369335,104.14997186692119,17.64232878536985,70.3264110639006
17.10208210708219,230.29166694571614,17.10427412542205,182.7998134077382,17.495437751777906,104.22600933423303,17.690768709103438,70.37410260959567
17.15051341134844,230.5261062357983,17.152709256114242,182.95135007921027,17.543876371418108,104.30195511991815,17.739208627382936,70.4219123227208
17.198944715614687,230.76054552588042,17.201144386806433,183.10288675068233,17.59231499638703,104.37778545466585,17.787648540365062,70.46983680766013
17.24737601988094,230.99498481596257,17.249579517498624,183.2544234221544,17.64075362793848,104.45347317354975,17.83608844820654,70.51787266879785
17.295807324147184,231.22942410604472,17.298014648190815,183.40596009362645,17.68919226795318,104.5289775291802,17.884528351064105,70.56601651051824
17.344238628413436,231.46386339612684,17.346449778883006,183.5574967650985,17.737630918938763,104.60424419170434,17.932968248781023,70.61427172843693
17.39266993267968,231.698302686209,17.394884909575197,183.70903343657056,17.786069583559595,104.67921543565342,17.981408141200582,70.66264171816991
17.441101236945933,231.9327419762911,17.443320040267388,183.86057010804262,17.83450826589057,104.75380297501653,18.02984802863621,70.71111968848547
17.489532541212178,232.16718126637326,17.49175517095958,184.01210677951468,17.882946971260395,104.8278913588563,18.078287911558114,70.75969545253619
17.53796384547843,232.4016205564554,17.54019030165177,184.16364345098674,17.9313857049978,104.90136513623537,18.126727789966274,70.80836901032208
17.586395149744682,232.63605984653753,17.58862543234396,184.3151801224588,17.9798244730584,104.97409527375316,18.175167663860712,70.85714036184314
,,,,18.028263281554544,105.0459493423933,18.2236075332414,70.90600950709944
,,,,18.076702136285135,105.11680170437094,18.27204740030254,70.95492890746965
,,,,18.125141042578875,105.18653690874876,18.320487269589194,71.00380009009538
,,,,18.17358000529432,105.2550496914368,18.368927144862823,71.05254156019743
,,,,18.222019028976526,105.32224157957663,18.41736702957141,71.10107861422793
,,,,18.270458118327326,105.38801070469424,18.465806925909135,71.1493637135658
,,,,18.318897278205235,105.45225180269964,18.51424683418945,71.19739006697924
,,,,18.367336512998612,105.51486979635018,18.562686753158545,71.24518483939482
,,,,18.41577582599873,105.57579337771415,18.611126680622235,71.29279556943382
,,,,18.46421521955648,105.6349716125543,18.659566616423803,71.34022565271192
,,,,18.512654695239142,105.69237054471267,18.708006561973782,71.38744452868698
,,,,18.56109425383034,105.7479731961102,18.756446520093256,71.4343910762745
,,,,18.609533896270456,105.80175919305202,18.804886494857136,71.48097700946349
,,,,18.657973623656552,105.85370476622762,18.853326490622422,71.5271079301346
,,,,18.706413436615556,105.90379633317369,18.901766512184963,71.57267993244429
,,,,18.754853335774364,105.95202031142705,18.950206561394126,71.61765294812596
,,,,18.80329332191662,105.99835972290859,18.998646637466287,71.66204395525858
,,,,18.85173339551249,106.04280438077097,19.04708673961781,71.70586993192134
,,,,18.90017355671872,106.08535088939843,19.095526866751605,71.74915464742477
,,,,18.94861380537857,106.12600264440667,19.143967017770578,71.79192187107955
,,,,18.997054141021863,106.16476983264315,19.192407191891107,71.8341885809646
,,,,19.04549456333514,106.2016592453395,19.240847388799722,71.87596156831168
,,,,19.093935072161685,106.23667427811148,19.289287608339713,71.91724422873648
,,,,19.142375666874585,106.26982851342237,19.33772784988416,71.95805014470227
,,,,19.190816346220025,106.30114911619859,19.38616811233598,71.9984030855197
,,,,19.239257108474007,106.33067343821392,19.43460839475481,72.03832342488352
,,,,19.28769795159908,106.35844562247397,19.483048696670465,72.07782134964128
,,,,19.336138871833796,106.38454716375784,19.531489017612778,72.11690704664025
,,,,19.3845798641629,106.40908672177156,19.579929356798097,72.15559749395959
,,,,19.43302092372786,106.4321695606049,19.628369713599525,72.19390627406239
,,,,19.481462045199947,106.45391113119533,19.67681008739015,72.23184696941192
,,,,19.529903223250457,106.47442688448004,19.72525047738634,72.26943655808728
,,,,19.57834445270739,106.49382887578079,19.77369088233428,72.30670220501486
,,,,19.62678572839878,106.51222916041908,19.822131300666697,72.34367786635258
,,,,19.675227045152617,106.52973979371643,19.87057173112978,72.38039070702709
,,,,19.723668397953645,106.54646943537873,19.919012172156258,72.41687468319631
,,,,19.772109781786604,106.56252674511157,19.96745262217886,72.45316375101834
,,,,19.820551191636234,106.57802038262079,20.01589308025722,72.48927828418798
,,,,19.86899262311418,106.59304542514894,20.064333546391353,72.52521828270523
,,,,19.917434072929176,106.60767318062793,20.11277402105143,72.56097355972273
,,,,19.965875538416867,106.62196137452639,20.16121450376727,72.59655430208784
,,,,20.014317017539796,106.63595414984982,20.20965499344178,72.63198427911121
,,,,20.062758508887427,106.64968206714045,20.258095488821155,72.66729065571926
,,,,20.111200010735757,106.66318247817219,20.306535988651575,72.70250059683846
,,,,20.159641521047348,106.67649952595042,20.354976491585184,72.73764330476476
,,,,20.208083037941464,106.6896739578649,20.403416996023374,72.77275341477929
,,,,20.256524559537397,106.70274652130513,20.4518575012452,72.80784654671479
,,,,20.304966083954405,106.71575796366096,20.50029800709393,72.84292609618709
,,,,20.353407609468505,106.7287456367061,20.548738513099394,72.87800225004355
,,,,20.401849134355693,106.74174689221454,20.597179018948125,72.91308179951588
,,,,20.450290656891987,106.75479908195996,20.645619524796857,72.94816134898815
,,,,20.4987321755101,106.76793616210054,20.69406003080232,72.98323750284464
,,,,20.547173688642772,106.78119208879428,20.74250053665105,73.01831705231695
,,,,20.595615194722733,106.79460081819929,20.790941041872877,73.05341018425247
,,,,20.64405669280962,106.80818272401032,20.83938154646779,73.08851689865122
,,,,20.692498182589986,106.82194459745904,20.8878220514284,73.12361568994632
,,,,20.740939663907092,106.83588983416115,20.936262558113015,73.15867712946772
,,,,20.789381136760944,106.8500184341168,20.98470306767095,73.19367631603262
,,,,20.837822601778456,106.86431681486269,21.033143581199298,73.2285894803305
,,,,20.886264059586523,106.87877139393561,21.081584099324978,73.26340303989807
,,,,20.934705510341878,106.8933787757197,21.13002462204797,73.29811699473538
,,,,20.983146954357977,106.90813216898346,21.178465148741388,73.33274492730555
,,,,21.031588391948276,106.92302478249525,21.226905678621577,73.36730381568776
,,,,21.080029823426223,106.93804982502334,21.275346211061645,73.40180724234517
,,,,21.128471249575448,106.95319031848888,21.323786745121225,73.43627558097256
,,,,21.17691267164978,106.96841909796532,21.37222728048686,73.47071562280163
,,,,21.225354090903025,106.98370899852628,21.420667818098913,73.50510699413738
,,,,21.273795508589004,106.99903285524525,21.469108359838117,73.53940894759035
,,,,21.32223692596152,107.01436350319588,21.517548907898636,73.57357394453919
,,,,21.37067834380423,107.02968396429904,21.56598946322083,73.60758161128905
,,,,21.419119762273837,107.04499084293897,21.614430025647984,73.64143534345578
,,,,21.467561181370357,107.06028413911571,21.662870595180088,73.67513514103928
,,,,21.516002600937057,107.07556724844505,21.71131117228733,73.70867081719226
,,,,21.56444402066048,107.09084696215862,21.759751757439886,73.74203218506722
,,,,21.612885440383906,107.10612667587208,21.80819235063776,73.77521924466421
,,,,21.661326859950606,107.12140978520137,21.85663295188094,73.80823199598322
,,,,21.709768279047125,107.13670308137813,21.905073561639625,73.84106025217687
,,,,21.75820969736001,107.1520133556339,21.953514180854164,73.8736836395502
,,,,21.806651114575807,107.16734739920031,22.001954810621655,73.90607838879274
,,,,21.855092530381057,107.18271200330895,22.050395452039176,73.93822073059368
,,,,21.903533944932498,107.19810377234401,22.098836106047095,73.9700902912584
,,,,21.951975358857027,107.21350912384233,22.147276773115586,74.00167688393927
,,,,22.000416772781556,107.22891447534062,22.195717453401386,74.03297711302062
,,,,22.04885818733299,107.24430624437574,22.244158147217945,74.06398418727085
,,,,22.097299603138246,107.25967084848435,22.292598855348892,74.09468112861086
,,,,22.145741020354038,107.27500489205073,22.34103957857787,74.12505095896165
,,,,22.194182438666928,107.2903151663065,22.389480316121237,74.15511065640226
,,,,22.242623857606716,107.30561185809904,22.437921066098276,74.18490096832232
,,,,22.29106527654651,107.32090854989158,22.48636182600135,74.21447622457481
,,,,22.339506694859395,107.33621882414735,22.534802592695932,74.2439043374757
,,,,22.387948112545367,107.35154268086634,22.583243364928187,74.2732124719515
,,,,22.436389530231345,107.36686653758531,22.631684143325046,74.3023870455389
,,,,22.48483094854423,107.3821768118411,22.680124930394115,74.33137372838516
,,,,22.53327236811093,107.3974599211704,22.72856573005359,74.36008763009508
,,,,22.58171378955835,107.4127022831101,22.777006545438,74.38846083835253
,,,,22.6301552128865,107.42790389766009,22.825447379368427,74.4164322320731
,,,,22.67859663746846,107.44307834728366,22.873888232785234,74.44398143756192
,,,,22.727038062834055,107.45823581882817,22.92232910427788,74.47113901536119
,,,,22.77547948866983,107.47338310352532,22.97076999102528,74.49796608655552
,,,,22.823920914505607,107.48853038822244,23.01921088910926,74.5245475415399
,,,,22.872362339871202,107.50368785976698,23.06765179696255,74.55091733647245
,,,,22.92080376445316,107.51886230939056,23.116092715525518,74.5770550976583
,,,,22.969245187938036,107.53406052832477,23.164533645738523,74.6029404514027
,,,,23.017686610012362,107.54928930780119,23.21297458807173,74.6285632108582
,,,,23.066128030362698,107.5645554390515,23.261415542681895,74.65391998040886
,,,,23.11456944867558,107.57986571330727,23.309856509882444,74.67900396882331
,,,,23.163010865107744,107.59521673495269,23.358297489986853,74.70380838486977
,,,,23.21145228028609,107.61059492152452,23.406738482838378,74.72833662416406
,,,,23.25989369483753,107.62598669055964,23.45517948781012,74.75260226916944
,,,,23.308335109193052,107.64138270411448,23.50362050427517,74.77661890234913
,,,,23.356776523783672,107.65677362424557,23.552061532076806,74.800389919319
,,,,23.405217938570203,107.67216029985698,23.60050257137174,74.82391192446312
,,,,23.453659353043278,107.68755376669998,23.648943622316715,74.8471815221657
,,,,23.50210076669353,107.70296506052588,23.69738468522518,74.87019192119521
,,,,23.550542179011615,107.71840521708626,23.745825760410582,74.89293633032
,,,,23.59898358948815,107.7338852721322,23.79426684771621,74.91541814515585
,,,,23.647424997770514,107.74941286579951,23.842707946671858,74.93764755255026
,,,,23.695866403662784,107.76499224260783,23.89114905806119,74.95960757442401
,,,,23.744307807282524,107.78062085584531,23.9395901837649,74.98125746338769
,,,,23.792749209060716,107.79628936756848,23.98803132644737,75.00253949397245
,,,,23.841190609428367,107.81198843983393,24.03647248955658,75.02337896263066
,,,,23.889632008346297,107.82771892154557,24.084913674659802,75.04374191320417
,,,,23.938073405305133,107.84349184845479,24.13335488144358,75.06363513692472
,,,,23.98651479979553,107.85931825631289,24.181796107713737,75.08310617241355
,,,,24.034956191157256,107.87521244915149,24.230237349552105,75.10223991006566
,,,,24.083397579076873,107.89118121820223,24.278678603667416,75.1211076578131
,,,,24.131838963554372,107.90722456346512,24.32711986723858,75.13977053674029
,,,,24.18028034490321,107.92333569370845,24.37556113932525,75.15824892054212
,,,,24.22872172328011,107.93951121331656,24.42400242102449,75.17651903990787
,,,,24.277163098685087,107.95575112228931,24.472443714530506,75.19453335621631
,,,,24.325604471274843,107.97205202501098,24.520885023447995,75.21221377030392
,,,,24.374045841362857,107.98840713024995,24.569326349344237,75.22952632601272
,,,,24.422487209262563,108.00480964677456,24.61776769127887,75.24649139703749
,,,,24.47092857528743,108.02125278335325,24.666209048311522,75.26312935707293
,,,,24.519369939750902,108.03772974875443,24.714650419658575,75.27945718419826
,,,,24.567811302966433,108.05423375174644,24.763091804693104,75.29548846087661
,,,,24.616252665247487,108.07075800109766,24.81153320278822,75.31123676957122
,,,,24.66469402659405,108.08730249680812,24.859974613316993,75.3267156927453
,,,,24.713135386692677,108.10387403010947,24.908416035809267,75.34193541724622
,,,,24.76157674287999,108.12053030524771,24.956857469951565,75.35690273430572
,,,,24.8100180990673,108.13718658038596,25.00529891543045,75.3716244351553
,,,,24.85845945525461,108.15384285552423,25.053740371462283,75.38611749787401
,,,,24.906900811441922,108.17049913066248,25.102181837263423,75.40039890054084
,,,,24.955342167629233,108.18715540580072,25.1506233123637,75.41447883000325
,,,,25.003783523816544,108.203811680939,25.19906479613619,75.42837086872447
,,,,25.05222488000385,108.22046795607724,25.247506287954003,75.44208859916768
,,,,25.100666236191167,108.23712423121552,25.295947787346947,75.4556422081804
,,,,25.14910759237847,108.25378050635376,25.34438929400158,75.46903848699412
,,,,25.19754894856579,108.27043678149204,25.39283080723873,75.48229214994396
,,,,25.245990304753093,108.28709305663028,25.441272326013575,75.4954258344687
,,,,25.294431660940404,108.30374933176856,25.489713849020042,75.50846783736674
,,,,25.342873017127722,108.3204056069068,25.538155374690874,75.52145211479612
,,,,25.391314373315026,108.33706188204508,25.586596902085695,75.53439904045169
,,,,25.439755729502338,108.35371815718332,25.635038430891065,75.54731540556492
,,,,,,25.683479961420424,75.56019441890433
,,,,,,25.73192149461414,75.57301570677501
,,,,,,25.780363031255852,75.585762291098
,,,,,,25.828804571972462,75.59842058941007
,,,,,,25.877246116763978,75.61099060171131
,,,,,,25.92568766500348,75.62348591046475
,,,,,,25.974129215750615,75.6359268893653
,,,,,,26.022570767281387,75.64835089018686
,,,,,,26.071012318655427,75.66077828662418
,,,,,,26.119453870029467,75.6732056830615
,,,,,,26.167895421403514,75.6856330794989
,,,,,,26.216336972777555,75.69806047593624
,,,,,,26.264778524151595,75.71048787237359
,,,,,,26.313220075525635,75.72291526881094
,,,,,,26.361661626899682,75.73534266524825
,,,,,,26.410103178273722,75.7477700616856
,,,,,,26.458544729647762,75.76019745812292
,,,,,,26.50698628102181,75.77262485456032
,,,,,,26.555427832552574,75.78504885538183
,,,,,,26.603869384083346,75.79747285620337
,,,,,,26.652310935457386,75.80990025264072
,,,,,,26.700752486988158,75.82232425346223
,,,,,,26.74919403898911,75.83473806743632
,,,,,,26.797635591616967,75.84713829894724
,,,,,,26.846077144871728,75.85952494799497
,,,,,,26.89451869875341,75.87189801457944
,,,,,,26.942960253261987,75.88425749870066
,,,,,,26.991401808397477,75.89660340035869
,,,,,,27.03984336415987,75.90893571955345
,,,,,,27.088284920549178,75.92125445628508
,,,,,,27.136726477565382,75.93355961055346
,,,,,,27.185168035208505,75.94585118235861
,,,,,,27.233609593478533,75.95812917170053
,,,,,,27.282051152375466,75.97039357857926
,,,,,,27.33049271189931,75.98264440299474
,,,,,,27.37893427205006,75.99488164494699
,,,,,,27.427375832827714,76.00710530443604
,,,,,,27.47581739423228,76.01931538146187
,,,,,,27.524258956420482,76.03150848040866
,,,,,,27.57270051923559,76.04368799689226
,,,,,,27.621142082520876,76.05585732652844
,,,,,,27.669583646433075,76.0680130737014
,,,,,,27.71802521097218,76.08015523841112
,,,,,,27.766466776138188,76.09228382065757
,,,,,,27.81490834193111,76.10439882044085
,,,,,,27.86334990835094,76.11650023776093
,,,,,,27.911791475397678,76.12858807261773
,,,,,,27.960233043071312,76.14066232501136
,,,,,,28.008674611371866,76.1527229949418
,,,,,,28.057116180299325,76.164770082409
,,,,,,28.10555775001042,76.17680019179718
,,,,,,28.15399932034842,76.18881671872211
,,,,,,28.20244089068641,76.20083324564703
,,,,,,28.250882460397513,76.21286335503521
,,,,,,28.299324029324964,76.22491044250236
,,,,,,28.347765597625518,76.2369711124328
,,,,,,28.396207165299153,76.24904536482643
,,,,,,28.444648732345897,76.26113319968329
,,,,,,28.493090298765722,76.27323461700334
,,,,,,28.541531864558635,76.28534961678662
,,,,,,28.589973429724658,76.29747819903312
,,,,,,28.638414994263755,76.30962036374288
,,,,,,28.686856558175954,76.32177611091583
,,,,,,28.735298122589676,76.33392099211821
,,,,,,28.783739689761795,76.34600611048245
,,,,,,28.83218126160437,76.35799003949566
,,,,,,28.880622839684676,76.36983882299981
,,,,,,28.92906442494308,76.38153208730009
,,,,,,28.977506017693038,76.39306304116494
,,,,,,29.025947617934534,76.4044316845943
,,,,,,29.07438922551085,76.41564141320399
,,,,,,29.122830840578708,76.42668883137816
,,,,,,29.17127246392176,76.4375569610379
,,,,,,29.219714097420706,76.44820505479339
,,,,,,29.268155743583193,76.45857878279193
,,,,,,29.31659740554376,76.46861023271731
,,,,,,29.365039087063835,76.4782179097902
,,,,,,29.413480790640094,76.48734772185082
,,,,,,29.461922518769192,76.4959455767395
,,,,,,29.5103642739478,76.50395738229639
,,,,,,29.558806058672552,76.51132904636174
,,,,,,29.60724787544013,76.51800647677572
,,,,,,29.655689726903915,76.52393218576282
,,,,,,29.704131615874026,76.52904528993162
,,,,,,29.752573545160566,76.53328490589078
,,,,,,29.801015517103473,76.53660033709622
,,,,,,29.849457533885946,76.53894428261998
,,,,,,29.897899598004663,76.54026265030205
,,,,,,29.946341711956265,76.54050134798285
,,,,,,29.99478387823742,76.53960628350251
,,,,,,30.0432260993448,76.53752336470129
,,,,,,30.091668377775044,76.53419849941938
,,,,,,30.140110717829522,76.52953849498098
,,,,,,30.18855311950825,76.52354335138622
,,,,,,30.23699558168279,76.51623751706879
,,,,,,30.285438102096272,76.5076698888964
,,,,,,30.33388067883662,76.49788189338167
,,,,,,30.382323310336574,76.48690748668284
,,,,,,30.430765995655776,76.47476704249462
,,,,,,30.479208734480757,76.46146735204866
,,,,,,30.527651526811532,76.44700841534501
,,,,,,30.57609437296155,76.43138344115195
,,,,,,30.624537272774084,76.41459582508534
,,,,,,30.672980225308763,76.39666594084008
,,,,,,30.721423228684877,76.37763453580575
,,,,,,30.7698662803948,76.35755593983521
,,,,,,30.81830937730397,76.33649806524463
,,,,,,30.86675256961557,76.31337321989031
,,,,,,30.915195761927166,76.29024837453593
,,,,,,30.963638954238768,76.26712352918162
,,,,,,31.012082146550362,76.24399868382724
,,,,,,31.060525338861957,76.22087383847293
,,,,,,31.108968531173552,76.19774899311855
,,,,,,31.157411723485154,76.17462414776423
,,,,,,31.20585491579675,76.15149930240986
,,,,,,31.254298108108344,76.12837445705554
,,,,,,31.30274130041994,76.10524961170117
,,,,,,31.351184492731548,76.08212476634682
,,,,,,31.399627685043143,76.05899992099248
,,,,,,31.448070877354738,76.03587507563813
,,,,,,31.49651406966634,76.01275023028381
,,,,,,31.544957261977935,75.98962538492944
